msg_id,guild,channel,author,is_bot,msg_type,created_at_vn,reply_to,mentions_bot,n_attachments,n_chars,content
M58687,K4-L2-3,channel_02,D3694,False,reply,2026-09-12 07:35,,False,0,53,Câu hỏi này để hôm ws chủ nhật trao đổi luon nhé [HV]
M47011,K4-L2-3,channel_06,D8938,False,message,2026-09-12 09:39,,False,1,414,"@everyone

Để BTC và các Lab Coach thuận tiện trong việc nhận diện, quản lý học viên và theo dõi điểm cộng, mọi người vui lòng đổi tên theo cú pháp:

  Mã Nhóm - Họ và tên - 5 số cuối mã sinh viên

Ví dụ: T001 - [HV]

Mọi người kiểm tra và đổi lại tên giúp mình nhé. Việc thống nhất cách đặt tên sẽ giúp BTC và các Lab Coach dễ dàng theo dõi thông tin và ghi nhận điểm cộng của mọi người hơn.

Cảm ơn mọi người! ❤️"
M12505,K4-L2-3,channel_07,D8938,False,message,2026-09-12 09:40,,False,1,414,"@everyone

Để BTC và các Lab Coach thuận tiện trong việc nhận diện, quản lý học viên và theo dõi điểm cộng, mọi người vui lòng đổi tên theo cú pháp:

  Mã Nhóm - Họ và tên - 5 số cuối mã sinh viên

Ví dụ: T001 - [HV]

Mọi người kiểm tra và đổi lại tên giúp mình nhé. Việc thống nhất cách đặt tên sẽ giúp BTC và các Lab Coach dễ dàng theo dõi thông tin và ghi nhận điểm cộng của mọi người hơn.

Cảm ơn mọi người! ❤️"
M03059,K4-L2-3,channel_02,D4964,False,message,2026-09-12 10:21,,False,0,74,Em đang cần hỗ trợ về vấn đề giấy tờ gấp thì em liên lạc đến bộ phận nào ạ
M81088,K4-L2-3,channel_02,D3694,False,reply,2026-09-12 10:22,M03059,False,0,25,"Viết mail cho trường nhé,"
M84888,K4-L2-3,channel_02,D4964,False,reply,2026-09-12 10:24,M81088,False,0,30,Em mail đến địa chỉ nào được ạ
M80709,K4-L2-3,channel_02,D2443,False,message,2026-09-12 10:31,,False,0,30,AIthucchien@vinuni.edu.vn bn ạ
M55038,K4-L2-3,channel_02,D4964,False,reply,2026-09-12 10:36,M80709,False,0,14,Ok mình cảm ơn
M63574,K4-L2-3,channel_02,D3082,False,message,2026-09-12 11:06,,False,0,120,"A ơi, cho e hỏi, buổi workshop chủ nhật ngày mai thì có tính vào số buổi nghỉ ko ạ? Giả dụ sáng mai e có việc thì sao ạ?"
M43132,K4-L2-3,channel_02,D3694,False,reply,2026-09-12 11:08,M63574,False,0,170,Build phase sẽ không tính vào hoạt động học trên lớp các buổi nghỉ đâu nhé. Với lại nếu sắp xếp được thì nên tham gia buổi đầu tiên vì có thắc mắc gì có thể trao đỏi luôn
M11917,K4-L2-3,channel_02,D3082,False,reply,2026-09-12 11:09,M43132,False,0,14,Dạ e cảm ơn ạ!
M17083,K4-L2-3,channel_02,D3694,False,message,2026-09-12 11:09,,False,0,83,Không có câu hỏi thì lắng nghe các quy định và nội dung thôi. Đâu có bắt buột hỏi 😅
M49586,K4-L2-3,channel_02,D1224,False,reply,2026-09-12 11:09,M43132,False,0,46,"Kiểu em ko có câu hỏi nào hỏi , có ổn ko ạ :))"
M85072,K4-L2-3,channel_02,D1224,False,reply,2026-09-12 11:10,M17083,False,0,12,ok anh zai 😅
M69081,K4-L2-3,channel_02,D2313,False,message,2026-09-12 12:04,,False,0,23,có điểm danh ws không ạ
M56857,K4-L2-3,channel_02,D7482,False,message,2026-09-12 12:39,,False,0,83,T3 tuần sau lecture sáng em có việc muốn xin vào trễ 30p thì gửi mail cho a [HV] ạ?
M73605,K4-L2-3,channel_02,D1253,False,message,2026-09-12 12:39,,False,0,127,"Anh ơi cho e hỏi chút ạ. Vì buổi sáng học 13h mới tan, mà chiều em có lịch bận nên em có thể xin tan sớm vào buổi sáng không ạ?"
M17046,K4-L2-3,channel_02,D7688,False,reply,2026-09-12 13:08,M56857,False,0,69,"vào trước 30p là được nhé, b liên hệ labcoach hôm đó để điểm danh sau"
M75756,K4-L2-3,channel_02,D7688,False,reply,2026-09-12 13:08,M73605,False,0,37,bạn xin labcoach của buổi hôm đấy nha
M00318,K4-L2-3,channel_02,D1253,False,reply,2026-09-12 13:09,M75756,False,0,10,E cảm ơn ạ
M61696,K4-L2-3,channel_02,D7482,False,reply,2026-09-12 13:14,M17046,False,0,14,ok mình cảm ơn
M07888,K4-L2-3,channel_02,D9148,False,reply,2026-09-12 13:32,M58687,False,0,154,với cả lv 2 này em cũng muốn hỏi thêm là em muốn theo hướng cv for predictive maintenance được không thay vì chỉ có detect vật thể trong cabin hay tự hành
M34631,K4-L2-3,channel_02,D3694,False,reply,2026-09-12 13:54,M07888,False,0,106,Về task thì cũng sẽ nhiều task đa dạng về data. Cũng open cho innovative. Còn cụ thể hẹn sáng mai nhé [HV]
M83711,K4-L2-3,channel_02,D1224,False,message,2026-09-12 13:55,,False,0,51,anh [@D3694]  cho e hỏi vlearn chưa up bài mới hả ?
M68891,K4-L2-3,channel_02,D3694,False,message,2026-09-12 14:16,,False,0,30,[@D7688]  cái này hỏi [HV] nhé
M81490,K4-L2-3,channel_02,D7688,False,reply,2026-09-12 14:19,M83711,False,0,79,"bạn hỏi labcoach tại phòng nhé, vì slide/bài học thì giảng viên từng buổi sẽ up"
M96607,K4-L2-3,channel_02,D6604,False,reply,2026-09-12 17:11,M83711,False,0,25,bài mới buổi 2 up rồi nhé
M49744,K4-L2-3,channel_03,D9617,False,message,2026-09-12 18:02,,False,0,1238,"THÔNG BÁO HOÀN THIỆN CÁC BƯỚC ONBOARDING VÀO CHƯƠNG TRÌNH

Chào mừng các bạn đã đến với Chương trình AI20K - Build Phase Cohort 4A. Để hoàn tất quá trình onboarding và bắt đầu chặng đường 6 tuần tới, BTC thông tin đến các bạn học viên hoàn thiện hồ sơ và lập đội bắt đầu thực chiến.

Các bạn học viên đăng nhập vào nền tảng Phoenix bằng link mời dưới đây và **Tiếp tục với Github** cùng email đã đăng ký với chương trình.

> Link tham gia chương trình (link cập nhật mới nhất):
> https://phoenix.note.transformerlabs.ai/invite/qYw_GaXnbiPxczQy5cNkMEPNuRrlYjSy_rQgOeiLfRI

**Hoàn thành đủ các bước:**
1. Vào nền tảng bằng lời mời
2. Xác minh danh tính
3. Kết nối và xác minh Discord
4. Hoàn tất hồ sơ năng lực
5. Lập đội / tham gia đội

🗓️ **Thời hạn hoàn thành và ghép đội tự do đến 21:00 13/9**
Sau thời gian trên hệ thống sẽ tự động ghép đội ngẫu nhiên.

*Lưu ý:* Trường hợp tài khoản Github đang liên kết với nhiều email, hãy cài đặt email đăng ký với chương trình thành `Primary` tại https://github.com/settings/emails trước khi truy cập vào link mời.

Mọi vấn đề thắc mắc trong quá trình onboarding các bạn vui lòng tạo ticket để được hỗ trợ.
> Cách thức tạo ticket: gõ command `/ticket create` tại kênh [link:discord.com]

@everyone"
M01844,K4-L2-3,channel_02,D2313,False,message,2026-09-12 18:07,,False,0,91,mới có thông báo lập team trên phoenix nhưng cho em hỏi là lv2 có cần phải lập team không ạ
M79538,K4-L2-3,channel_02,D9617,False,reply,2026-09-12 18:07,M01844,False,0,32,Thông báo dành cho các bạn L2 đó
M15866,K4-L2-3,channel_02,D3694,False,reply,2026-09-12 18:09,M01844,False,0,80,Nhóm này là dành cho các bạn mờ tất nhiên là thông báo cho toàn bộ mọi người rồi
M32482,K4-L2-3,channel_02,D3694,False,message,2026-09-12 18:10,,False,0,52,Kiếm đồng đội để cùng vượt qua 6 tuần Build nhéeeeee
M31002,K4-L2-3,channel_02,D3694,False,message,2026-09-12 18:18,,False,0,110,Các bạn lưu ý là vào lại đúng link mời mới theo thông báo nhé [link:discord.com] để hệ thống tự nhận diện nha.
M11422,K4-L2-3,channel_02,D2313,False,message,2026-09-12 18:19,,False,0,221,dạ em vẫn chưa biết là lv2 có build và sẽ build cái gì có giống như lv3 để lập team cho hợp lý ấy ạ. Với ngày đầu tiên em nghe mấy anh giảng viên bảo là lv2 chỉ học 3 tuần rồi bắt đầu thực chiến tại doanh nghiệp luôn ấy ạ
M41884,K4-L2-3,channel_02,D3694,False,reply,2026-09-12 18:21,M11422,False,0,115,Mình sẽ đi từng giai đoạn trước tiên là lập team và sẽ có hướng dẫn cũng như chia sẻ vào buổi wokshop ngày mai nhé.
M12580,K4-L2-3,channel_02,D7870,False,message,2026-09-12 18:22,,False,0,65,Nhưng mà bọn e vẫn chưa vào đc phoenix thì lập nhóm như thế nào ạ
M18708,K4-L2-3,channel_02,D3694,False,reply,2026-09-12 18:22,M12580,False,0,87,"Đọc lại thông tin nhé [HV], thông báo là hướng dẫn các bạn hoàn thành quy trình onboard"
M66649,K4-L2-3,channel_02,D7870,False,reply,2026-09-12 18:22,M18708,False,0,9,Dạ vâng ạ
M81468,K4-L2-3,channel_02,D8884,False,message,2026-09-12 18:22,,False,0,14,vào đc rồi bạn
M14245,K4-L2-3,channel_02,D3694,False,message,2026-09-12 18:23,,False,0,50,Nhớ  bấm join bằng đúng link trong thông báo nhé .
M35849,K4-L2-3,channel_02,D3694,False,message,2026-09-12 18:24,,False,0,78,Và hẹn các bạn sáng mai chúng ta sẽ có buổi Wokrshop kick-off đầu với BTC nhé.
M23596,K4-L2-3,channel_02,D9148,False,message,2026-09-12 18:25,,False,0,80,theo em hiểu có deliverables bắt buộc là btc ra đề bài rồi các nhóm thực hiện ạ?
M11898,K4-L2-3,channel_02,D3694,False,message,2026-09-12 18:30,,False,0,53,Cụ thể thì sáng mai các bạn nhớ tham gia workshop nhé
M23716,K4-L2-3,channel_02,D3694,False,reply,2026-09-12 18:30,M23596,False,0,474,"Đề bài sẽ do các bạn chọn nhé, Chúng ta cơ bản sẽ đi từ : Thực hành  / làm việc để nắm quy trình  -> Trong quá trình thực hành và làm việc các bạn cũng sẽ phát hiện các vấn đề  -> Đề xuất cải tiến quy trình  giúp tiết kiệm thời gian hơn, tăng độ chính xác hơn, giảm thao tác manual hơn ... cũng sẽ rất nhiều bài toán cho các bạn phát triển. Với tinh thần là làm với tâm thế của 1 AI engineer, 1 model engineer, 1 automation engineer,…. như thầy có chia sẻ hôm trước nha [HV]"
M49963,K4-L2-3,channel_02,D3694,False,reply,2026-09-12 18:37,M23787,False,0,145,"Cái này mình lại không có thông tin hỗ trợ được [HV] nhé, do thuộc phạm vi trên trường rồi. [@D7688]  Nếu có thông tin nhờ em cho bạn suggest nhé"
M37634,K4-L2-3,channel_02,D7688,False,reply,2026-09-12 18:47,M23787,False,0,69,"gửi mail là được [HV] nhá, mail có trình bày lý do, bằng chứng đầy đủ"
M83358,K4-L2-3,channel_02,D1224,False,message,2026-09-12 18:55,,False,0,37,cho mình hỏi một team bao nhiêu bạn ?
M99769,K4-L2-3,channel_02,D1224,False,message,2026-09-12 18:57,,False,0,40,[@D7688]  cho mình hỏi một team mấy bạn?
M36494,K4-L2-3,channel_02,D1224,False,reply,2026-09-12 19:01,M43101,False,0,13,ok cảm ơn bạn
M43101,K4-L2-3,channel_02,D3694,False,reply,2026-09-12 19:01,M83358,False,0,58,"5 nhé , trên web vào sẽ thấy có 5 slot ở phần lập đôi thôi"
M20982,K4-L2-3,channel_02,D2313,False,message,2026-09-12 19:07,,False,0,147,điền hồ sơ năng lực trên phoenix mà kỹ năng vừa ít vừa thành thạo không cao thì có sao không ạ. Có khả năng bị xem xét kết thúc đào tạo sớm không ạ
M09813,K4-L2-3,channel_02,D9148,False,message,2026-09-12 19:08,,False,0,30,còn lại prj đầu ra thế nào chứ
M47322,K4-L2-3,channel_02,D9148,False,message,2026-09-12 19:08,,False,0,26,cái này build nhóm thôi mà
M65820,K4-L2-3,channel_02,D2313,False,message,2026-09-12 19:09,,False,0,35,dạ em cảm ơn anh [HV] đã giải đáp ạ
M85321,K4-L2-3,channel_02,D3694,False,message,2026-09-12 19:09,,False,0,27,Không cần Over quá đâuu nha
M92726,K4-L2-3,channel_02,D3694,False,message,2026-09-12 19:09,,False,0,178,"Cái này chỉ là thông tin để các bạn muốn ghép team thì có thông tin để dễ match thôi nhé, sau đó BTC cũng sẽ dựa vào thông tin này để random cho phù hợp với các bạn chưa có team."
M13014,K4-L2-3,channel_02,D1085,False,message,2026-09-12 19:16,,False,0,47,"Em hỏi với ạ, khác lớp lab có chung team đc k ạ"
M38381,K4-L2-3,channel_02,D0842,False,message,2026-09-12 19:22,,False,0,28,thế khác level cũng được à a
M75621,K4-L2-3,channel_02,D7688,False,reply,2026-09-12 19:22,M13014,False,0,31,trong cùng khoá là được [HV] nè
M93314,K4-L2-3,channel_02,D1085,False,message,2026-09-12 19:22,,False,0,19,"Vâng ạ, em cảm ơn ạ"
M00554,K4-L2-3,channel_02,D0842,False,reply,2026-09-12 19:26,M75621,False,0,52,a ơi cho em hỏi là khác level có chung team được k ạ
M26380,K4-L2-3,channel_02,D1224,False,reply,2026-09-12 19:26,M38381,False,0,17,không được mà cậu
M54957,K4-L2-3,channel_02,D9148,False,message,2026-09-12 19:26,,False,0,54,"lv2-3, mình có đăng trên phoenix và thread discord nhé"
M83310,K4-L2-3,channel_02,D9148,False,message,2026-09-12 19:26,,False,0,40,team zero-one của mình đang tìm đồng đội
M37431,K4-L2-3,channel_02,D0842,False,reply,2026-09-12 19:27,M26380,False,0,73,thấy a ý bảo cùng khoá là được ý nên tôi hỏi lại cho chắc biết đâu có thể
M02964,K4-L2-3,channel_02,D7688,False,message,2026-09-12 19:28,,False,0,30,sip [HV] confirm e với nha ;-;
M11538,K4-L2-3,channel_02,D7688,False,message,2026-09-12 19:28,,False,0,19,chung level thôi nè
M23074,K4-L2-3,channel_02,D7688,False,reply,2026-09-12 19:28,M00554,False,0,7,ko nhaa
M31502,K4-L2-3,channel_02,D3694,False,message,2026-09-12 19:29,,False,0,15,Cùng 1 level ấy
M61093,K4-L2-3,channel_02,D0842,False,message,2026-09-12 19:29,,False,0,18,e cảm ơn các sếp ạ
M30246,K4-L2-3,channel_02,D1253,False,reply,2026-09-12 19:51,M37634,False,0,103,"Tại e thấy trong sổ tay phải có xác nhận của giám đốc, nên là k biết e có phải chờ mail phản hồi k ạ???"
M90166,K4-L2-3,channel_02,D3154,False,message,2026-09-12 20:41,,False,0,63,cho em hỏi level 2-3 build phase là bắt buộc hay optional vậy ạ
M13316,K4-L2-3,channel_02,D3694,False,reply,2026-09-12 21:32,M90166,False,0,107,bắt buột không phải option nhé. Các bạn vừa học trên trường vừa tham gia Build phase ban đêm với mentor nhé
M15562,K4-L2-3,channel_02,D0842,False,message,2026-09-12 21:32,,False,0,122,dạ cho em hỏi là e thấy level 2 nhiều bạn nontech thì liệu có được bắt tay giữa 2 team để làm 1 project hoàn chỉnh không ạ
M40821,K4-L2-3,channel_02,D9148,False,message,2026-09-12 21:33,,False,0,18,hoặc kết hợp qa qc
M90319,K4-L2-3,channel_02,D9148,False,message,2026-09-12 21:33,,False,0,73,non-tech thì mình nghĩ nên bảo các bạn ấy vừa vibe code vừa đọc hiểu code
M45489,K4-L2-3,channel_02,D3694,False,reply,2026-09-12 21:34,M15562,False,0,391,"Các bạn có thể tìm cho mình những người đồng đội phụ hợp trong chương trình mà , mình chưa hiểu giữa 2 team này là phạm trù nào ? vì đã chia team thì các bạn sẽ work với team của mình ấy.  1 team đến 5 TV nên mình nghĩ các bạn nên chọn đa dạng để bổ sung cho nhau nhé. Với suy nghĩ cá nhân của mình thì với sự hỗ trợ của AI hiện tại non-tech hay không thì cũng không phải rào cản quá lớn đâu"
M59772,K4-L2-3,channel_02,D9148,False,reply,2026-09-12 21:37,M45489,False,0,77,nếu discord không đủ chỗ thì nhóm em xin thêm new post trong thread được ko ạ
M83398,K4-L2-3,channel_02,D3694,False,reply,2026-09-12 21:39,M59772,False,0,40,đủ chỗ ở đây hiểu như thế nào [HV] nhỉ ?
M24607,K4-L2-3,channel_02,D9148,False,message,2026-09-12 21:40,,False,0,63,ý là sau khi làm project thì khối lượng tin nhắn nhiều lên ấy ạ
M79405,K4-L2-3,channel_02,D3694,False,reply,2026-09-12 21:40,M24607,False,0,108,"Trong discord sau khi các bạn tạo team sẽ có 1 thread cho các bạn ấy, các bạn muốn mở thêm có thể ping admin"
M42075,K4-L2-3,channel_02,D1224,False,reply,2026-09-12 21:43,M57505,False,0,11,1.5h-2h bro
M57505,K4-L2-3,channel_02,D3292,False,message,2026-09-12 21:43,,False,0,123,Cho em hỏi workshop ngày mai thời lượng diễn ra trong bao lâu vậy ạ? Em muốn biết để tiện sắp xếp một số công việc cá nhân.
M62614,K4-L2-3,channel_02,D9463,False,reply,2026-09-12 21:47,M13316,False,0,45,build trong 15 ngày hay cả sang phase 2 nữa ạ
M95970,K4-L2-3,channel_02,D9148,False,reply,2026-09-12 21:48,M62614,False,0,10,6 tuần bro
M14305,K4-L2-3,channel_02,D6134,False,message,2026-09-12 21:50,,False,1,54,Cho hỏi đạo hữu này là ai thí!!! đọc buồn cười quá =]]
M12763,K4-L2-3,channel_02,D9463,False,reply,2026-09-12 21:51,M95970,False,0,95,tôi tưởng level 2 ko có build phase mà vào ojt vf luôn hay mới thêm build phase cho level 2 thế
M16545,K4-L2-3,channel_02,D9148,False,message,2026-09-12 21:52,,False,0,3,=))
M53038,K4-L2-3,channel_02,D9148,False,message,2026-09-12 21:52,,False,0,39,hôm nay cái channel [#channel] mới nháy
M67317,K4-L2-3,channel_02,D3389,False,message,2026-09-12 21:54,,False,0,37,2b vs 2a vẫn join chung được luôn ạ ?
M89580,K4-L2-3,channel_02,D9148,False,message,2026-09-12 21:54,,False,0,57,same level với same khóa vẫn join được đúng ko ạ [@D3694]
M67785,K4-L2-3,channel_02,D3389,False,reply,2026-09-12 21:55,M89580,False,0,58,ông thấy team mình có nhiều người trùng bg quá ko ông :)))
M07458,K4-L2-3,channel_02,D9148,False,message,2026-09-12 21:56,,False,0,36,5 ông bg tech cũng có cái hay cái dở
M81573,K4-L2-3,channel_02,D9148,False,message,2026-09-12 21:56,,False,0,27,trùng thì phân role ra thôi
M87025,K4-L2-3,channel_02,D9148,False,message,2026-09-12 21:56,,False,0,3,:))
M00269,K4-L2-3,channel_02,D3154,False,message,2026-09-12 22:21,,False,0,53,"6 tuần à, mình thấy ngày 15 là đã qua bên VinFast rồi"
M52024,K4-L2-3,channel_02,D3694,False,reply,2026-09-12 22:21,M62614,False,0,10,6 tuần nhé
M54235,K4-L2-3,channel_02,D3154,False,message,2026-09-12 22:21,,False,0,61,nghĩa là vừa làm bên VinFast tối vẫn build phase đúng không ạ
M52002,K4-L2-3,channel_02,D3694,False,reply,2026-09-12 22:22,M12763,False,0,38,"Vẫn Build nhé , Buld mạnh là đằng khác"
M99639,K4-L2-3,channel_02,D3154,False,message,2026-09-12 22:22,,False,0,79,Anh [HV] có thể chia sẻ thêm cho tụi em về những yêu cầu gì cho level 2 không ạ
M24912,K4-L2-3,channel_02,D3694,False,reply,2026-09-12 22:23,M89580,False,0,137,"Đúng rồi , L2-L3 cohort này đều có thể ghép team chung với nhau  nhưng nên ưu tiên ghép chung lớp học gì trên trường ấy cho dễ ngồi chung"
M50728,K4-L2-3,channel_02,D3694,False,reply,2026-09-12 22:23,M99639,False,0,207,"Mai có thầy thì sẽ chi tiết và rõ hơn nhé [HV], nên nghe các thông tin chính thống thì mới xác thực được nhé. như mình chỉ phụ trách build phase thì các thông tin của mình chỉ giới hạn trong phạm vi này thôi"
M48056,K4-L2-3,channel_02,D3694,False,message,2026-09-12 22:26,,False,0,298,"Mình cung hiểu là các bạn cũng nhiều câu hỏi và thắc mắc vì dù sao cũng chưa có tiền bối đi trước để tham khảo , mai các bạn có thể đặt câu hỏi với thầy và BTC để được giải đáp nè, nhưng theo cá nhân mình thì rủi ro đi kèm với cơ hội nhé. Cái nào mà nó rõ ràng và an toàn quá thì cũng ít cơ hội hơn"
M74479,K4-L2-3,channel_02,D3694,False,reply,2026-09-12 22:34,M07458,False,0,86,Làm nhóm cũng nhiều cái vui và đút kết kinh nghiệm. Có nhiều team cũng tan rã nhanh đó
M73509,K4-L2-3,channel_02,D2407,False,reply,2026-09-12 22:36,M74479,False,0,50,a ơi nếu trong nhóm có 1 hay 2 người out thì sao ạ
M29762,K4-L2-3,channel_02,D3694,False,reply,2026-09-12 22:37,M73509,False,0,165,"Case này tụi mình cũng gặp nhiều rồi , nếu còn bạn nào cần ghép thì tụi mình ghép bổ sung vào còn không thì cứ đúng giờ xe chạy thôi, dù cho xe có đủ hay thiếu người"
M60248,K4-L2-3,channel_02,D2407,False,message,2026-09-12 22:38,,False,0,35,có trường hợp nào solo leveling k a
M64792,K4-L2-3,channel_02,D3694,False,reply,2026-09-12 22:38,M60248,False,0,37,Từ khoá 2 trở đi là hầu như không có.
M36353,K4-L2-3,channel_02,D9148,False,reply,2026-09-12 22:41,M74479,False,0,33,em sợ đứt scope giữa đường thôi ạ
M99053,K4-L2-3,channel_02,D3694,False,reply,2026-09-12 22:45,M36353,False,0,173,"Vậy thì muốn thắng trận này, đồng đội là yếu tố cần chọn lựa đấy. Phải hợp tính cách mới dễ làm việc, trong case không hợp tính cách thì sẽ cần minh bạch rõ ràng ngay từ đầu"
M65466,K4-L2-3,channel_02,D2407,False,reply,2026-09-12 22:46,M99053,False,0,80,có thể lùi lại thời gian chốt team k a tại e thấy có 1 buổi tiếp xúc là hơi ít ạ
M54778,K4-L2-3,channel_02,D6569,False,message,2026-09-12 22:47,,False,0,155,em tò mò 1 chút là với những team chưa đủ người thì hệ thống bên phoenix qua thời gian 21h có tự xếp các bạn chưa có nhóm vào nhóm đang thiếu người không ạ
M82848,K4-L2-3,channel_02,D3694,False,reply,2026-09-12 22:50,M65466,False,0,38,Mai các bạn có thể raise luôn nhé [HV]
M89395,K4-L2-3,channel_02,D3694,False,reply,2026-09-12 22:51,M54778,False,0,66,"Hệ thống sẽ xép chứ, tất cả đều phải có team thì mới work được nha"
M81676,K4-L2-3,channel_02,D6569,False,message,2026-09-12 22:52,,False,0,84,à ý em là hệ thống ghép các bạn đó vào team đang thiếu luôn hay ghép 1 team mới ấy ạ
M74381,K4-L2-3,channel_02,D3694,False,message,2026-09-12 22:53,,False,0,75,Sẽ ghép đủ 5 thành viên / 1 team nhé nó sẽ fill cho đến team cuối cùng thôi
M55809,K4-L2-3,channel_08,D3694,False,message,2026-09-12 23:00,,False,0,160,"Mình tạo topic này mong muốn các bạn chia sẻ các issuse gặp phải trong quá trình cài đặt phần mềm để học , giúp các bạn bị lỗi tương tự có thể co cách fix nhanh"
M51326,K4-L2-3,channel_08,D7105,False,message,2026-09-12 23:14,,False,2,39,em chạy tới bước 3 thì bị lỗi như này ạ
M48859,K4-L2-3,channel_02,D1253,False,reply,2026-09-12 23:15,M37634,False,0,109,"A ơi, Tại e thấy trong sổ tay phải có xác nhận của giám đốc, nên là k biết e có phải chờ mail phản hồi k ạ???"
M84662,K4-L2-3,channel_02,D9288,False,message,2026-09-12 23:15,,False,0,60,Ac labcoach hỗ trợ em với cái phoenix của em mãi k vào đc ấy
M00553,K4-L2-3,channel_02,D3389,False,message,2026-09-12 23:16,,False,0,85,"cho em hỏi tuần thứ 4 mình ojt, build 6 tuần vậy vừa obj fulltime vừa build phải ko ạ"
M54372,K4-L2-3,channel_02,D9288,False,message,2026-09-12 23:16,,False,0,57,Dù em đki đúng mail nhưng vẫn báo k trùng mail đki vs btc
M78683,K4-L2-3,channel_02,D0485,False,reply,2026-09-12 23:16,M84662,False,0,17,bạn tạo ticket ấy
M28576,K4-L2-3,channel_02,D9617,False,reply,2026-09-12 23:19,M54372,False,0,64,vào đúng link trong thông báo nhé không phải link trong mail nha
M25574,K4-L2-3,channel_02,D9617,False,reply,2026-09-12 23:20,M71126,False,0,68,Ở đây nhé kênh thông báo quan trọng sẽ ở kênh này [link:discord.com]
M71126,K4-L2-3,channel_02,D9288,False,reply,2026-09-12 23:20,M28576,False,0,23,Cái thông báo nào vậy ạ
M78667,K4-L2-3,channel_02,D3694,False,reply,2026-09-12 23:23,M00553,False,0,21,Mai hỏi luôn nhé [HV]
M64132,K4-L2-3,channel_02,D9288,False,reply,2026-09-12 23:30,M25574,False,0,22,Em zô đc r tks sốp nha
M19124,K4-L2-3,channel_02,D9616,False,reply,2026-09-13 00:25,M78667,False,0,47,a ơi sao deadline ghép đội tự do end sớm vậy a?
M04816,K4-L2-3,channel_02,D3694,False,reply,2026-09-13 08:32,M19124,False,0,141,Time thì cũng sẽ limit không quá dài để theo đúng plan chương trình nè. Các bạn chưa tìm đc đồng đội BTC cũng hỗ trợ ghép nhé nên yên tâm nha
M30080,K4-L2-3,channel_02,D3694,False,reply,2026-09-13 08:34,M15629,False,0,13,help [@D7593]
M32014,K4-L2-3,channel_02,D3694,False,message,2026-09-13 08:35,,False,0,67,Fact : Mình chỉ mới đến VinUni 1-2 lần à nên cũng mù các địa điểm 🥹
M56285,K4-L2-3,channel_02,D1224,False,message,2026-09-13 08:35,,False,0,77,cũng muốn các anh labcoach dẫn đi tham quan khắp trường VinUni một lần hahaha
M31445,K4-L2-3,channel_03,D3694,False,reply,2026-09-13 08:58,,False,0,59,"Các bạn đừng quên Lịch sáng nay nhé, zoom đã mở nha [@role]"
M16982,K4-L2-3,channel_03,D4888,False,reply,2026-09-13 08:59,,False,0,175,"Các bạn vào để chúng ta bắt đầu đúng giò cho workshop đầu tiên. Hôm nay Q&A để các em clear về chương trình nhé. [@role] 
[link:zoom.us]

Meeting ID: [ID]
Passcode: [PASSCODE]"
M66492,K4-L2-3,channel_08,D7688,False,message,2026-09-13 10:08,,False,0,11,CC [@D6587]
M12802,K4-L2-3,channel_08,D6587,False,reply,2026-09-13 10:26,M51326,False,0,278,"chào bạn Ngay sau docker compose up -d, OPA chưa lấy được policy bundle từ cvat-server, nên health check báo:
500 ... http://opa:8181/health?bundles
Sau khoảng một phút, CVAT server hoàn tất migration; OPA tải bundle thành công và lần health check tiếp theo báo toàn bộ working."
M29806,K4-L2-3,channel_08,D6587,False,message,2026-09-13 10:26,,False,0,111,"bạn cần gõ lệnh sau 

cd ~/Projects/cvat-day2
sleep 45
docker exec -t cvat_server python manage.py health_check"
M62112,K4-L2-3,channel_08,D6587,False,message,2026-09-13 10:26,,False,0,90,"Nếu vẫn lỗi, chờ thêm 30 giây rồi chạy lại. Chỉ tạo tài khoản khi tất cả dòng đều working."
M17439,K4-L2-3,channel_08,D6587,False,message,2026-09-13 10:27,,False,0,82,hình bản của bạn là ver cũ tag chuẩn CVAT v2.74.1 dùng openpolicyagent/opa:1.12.2.
M17696,K4-L2-3,channel_08,D6587,False,message,2026-09-13 10:27,,False,0,23,gửi output cho mình nhé
M35840,K4-L2-3,channel_08,D6587,False,message,2026-09-13 10:27,,False,0,73,openpolicyagent/opa:1.12.2. -> đây mới là bản chuẩn dùng cho chương trình
M57970,K4-L2-3,channel_08,D6587,False,message,2026-09-13 10:27,,False,0,66,"bạn chạy như sau 
grep -n 'openpolicyagent/opa' docker-compose.yml"
M03651,K4-L2-3,channel_08,D7105,False,message,2026-09-13 10:33,,False,1,30,Dạ như này là đc rồi đúng kh ạ
M47384,K4-L2-3,channel_08,D7105,False,message,2026-09-13 10:33,,False,0,14,Dạ em cảm ơn ạ
M30224,K4-L2-3,channel_08,D6587,False,reply,2026-09-13 10:35,M03651,False,0,178,"ok rồi em nhé, giờ em chạy lệnh dưới đây, Sau đó mở http://localhost:8080 trên Chrome để đăng nhập nhé
 docker exec -it cvat_server bash -ic 'python3 ~/manage.py createsuperuser'"
M22784,K4-L2-3,channel_08,D7105,False,message,2026-09-13 10:36,,False,0,22,"Dạ vâng ạ, em cảm ơn a"
M58152,K4-L2-3,channel_06,D8938,False,reply,2026-09-13 10:55,M39520,False,0,28,bạn báo lại với anh [HV] nhé
M27103,K4-L2-3,channel_02,D3694,False,message,2026-09-13 11:00,,False,0,8,Được nhé
M65925,K4-L2-3,channel_02,D1224,False,message,2026-09-13 11:00,,False,0,49,a [@D3694] ơi e có việc  bận em out trước được ko
M17184,K4-L2-3,channel_02,D1224,False,reply,2026-09-13 11:01,M27103,False,0,43,"Phoenix e vào đc rồi á , chờ ghép team thôi"
M99185,K4-L2-3,channel_06,D7306,False,reply,2026-09-13 11:02,M58152,False,0,44,dạ anh cho em xin liên hệ của anh [HV] với ạ
M02180,K4-L2-3,channel_06,D8938,False,message,2026-09-13 11:09,,False,0,42,[@user] anh ơi support hộ em bạn này với ạ
M18908,K4-L2-3,channel_06,D8938,False,reply,2026-09-13 11:10,M99185,False,0,54,mình tag anh [HV] vào đây rồi nhé có gì bạn hỏi anh ấy
M16114,K4-L2-3,channel_05,D8938,False,message,2026-09-13 11:21,,False,0,303,"@everyone  mn ơi, ngày mai bài lab sẽ cần sử dụng đến CVAT nhé.

Bạn nào hiện tại chưa cài được CVAT hoặc đang gặp vấn đề trong quá trình cài đặt/sử dụng thì có thể nhắn tin cho bọn mình để được hỗ trợ nhé. Mọi người tranh thủ kiểm tra và cài đặt trước để ngày mai có thể làm bài lab thuận lợi nhất nha!"
M21623,K4-L2-3,channel_02,D2313,False,message,2026-09-13 11:22,,False,0,22,mình điểm danh ws ko ạ
M33885,K4-L2-3,channel_02,D3923,False,message,2026-09-13 11:23,,False,0,41,vào mà cứ bị out ra thì phải làm sao ạ :v
M19404,K4-L2-3,channel_02,D0485,False,message,2026-09-13 11:25,,False,0,58,mình thấy thầy bảo điểm danh auto nếu đặt đúng cú pháp tên
M74716,K4-L2-3,channel_02,D6569,False,message,2026-09-13 11:25,,False,0,99,cho e hỏi mai học lab CVAT thì dữ liệu để gán nhãn được bên chương trình cấp hay bọn e tự tìm thế ạ
M91265,K4-L2-3,channel_02,D2012,False,reply,2026-09-13 11:26,M74716,False,0,49,"Ảnh để gán nhãn, ngày mai các bạn sẽ được cấp nhé"
M97517,K4-L2-3,channel_05,D8938,False,message,2026-09-13 11:27,,False,0,78,mn có thể qua đây để xem chia sẻ kinh nghiệp setup CVAT nhé [link:discord.com]
M40002,K4-L2-3,channel_02,D0842,False,message,2026-09-13 11:28,,False,0,69,Cho em hỏi CVAT build phase là bên BTC host server riêng đúng không ạ
M18676,K4-L2-3,channel_02,D2407,False,message,2026-09-13 11:29,,False,0,21,có điểm danh hả mn :v
M60614,K4-L2-3,channel_02,D2012,False,reply,2026-09-13 11:29,M40002,False,0,64,Chi tiết hướng dẫn cài CVAT đã được gửi trong [#channel] nha bạn
M10804,K4-L2-3,channel_02,D9148,False,message,2026-09-13 11:43,,False,0,10,không lmao
M06137,K4-L2-3,channel_02,D9148,False,message,2026-09-13 11:44,,False,0,47,quan trọng là cái timeline để build và học thôi
M50070,K4-L2-3,channel_02,D3154,False,message,2026-09-13 11:46,,False,0,29,thấy nó nhắc thông báo hú hồn
M60122,K4-L2-3,channel_02,D3154,False,message,2026-09-13 11:46,,False,0,65,"cho mình hỏi cái daily-standup này làm ở đâu vậy nhỉ, làm thế nào"
M73161,K4-L2-3,channel_06,D7306,False,reply,2026-09-13 11:54,M18908,False,0,104,"dạ em xin lỗi anh, ngày mai em chưa về quê được do có 1 vài lý do, nên em vẫn xin phép học bình thường ạ"
M94349,K4-L2-3,channel_02,D3292,False,message,2026-09-13 11:54,,False,0,79,[@D3694] anh ơi cho em hỏi các buổi workshop có thể xem lại record ở đâu vậy ạ?
M33002,K4-L2-3,channel_02,D6134,False,message,2026-09-13 12:01,,False,0,48,Hạn tìm đồng đội đến bao giờ thế mọi người ơi!!!
M80017,K4-L2-3,channel_02,D2012,False,reply,2026-09-13 12:20,M33002,False,0,28,Bạn xem trong [#channel] nha
M67980,K4-L2-3,channel_02,D7870,False,message,2026-09-13 12:41,,False,0,147,"Hôm điền form thông tin thì e ko có xe nên đã chọn đi bus, nhưng nay e mới mượn được xe của bạn đi tạm thì phần thẻ ra vào phải xử lý như thế nào ạ"
M10991,K4-L2-3,channel_02,D2407,False,message,2026-09-13 12:45,,False,0,32,cho e xin slide của  thầy [HV] ạ
M32239,K4-L2-3,channel_02,D3694,False,reply,2026-09-13 12:53,M94349,False,0,68,"Kênh tài nguyên nhé, tụi mình đang chờ hệ thống xử lý rồi sẽ gửi lên"
M24139,K4-L2-3,channel_02,D1409,False,message,2026-09-13 14:35,,False,0,42,Cho em xin Sổ Tay Học Viên lv 2 lúc sáng ạ
M82237,K4-L2-3,channel_04,D9617,False,message,2026-09-13 14:47,,False,0,133,"Recording WS01: Kick off
[link:zoom.us] 
Passcode: [PASSCODE]

Lưu ý: Tài liệu lưu hành nội bộ chương trình AI20K Build Phase
[@role]"
M44947,K4-L2-3,channel_08,D5459,False,message,2026-09-13 14:48,,False,1,53,cho em hỏi là em bị lỗi ở bước này thì phải làm sao ạ
M76498,K4-L2-3,channel_04,D9617,False,message,2026-09-13 15:30,,False,0,171,"Sổ tay học viên 
https://drive.google.com/file/d/1MQOrnDojpzo1wAqXNgFkbTGMUPnd3RCm/view?usp=sharing

Lưu ý: Tài liệu lưu hành nội bộ chương trình AI20K Build Phase
[@role]"
M82650,K4-L2-3,channel_02,D3694,False,reply,2026-09-13 15:57,M24139,False,0,31,[link:discord.com] đây nhé [HV]
M45903,K4-L2-3,channel_02,D7619,False,message,2026-09-13 16:07,,False,0,43,cho em hỏi là bao giờ có thẻ học viên vậy ạ
M46209,K4-L2-3,channel_02,D1224,False,reply,2026-09-13 16:08,M45903,False,0,29,có ngày khai giảng rồi mà bro
M88368,K4-L2-3,channel_02,D1377,False,message,2026-09-13 16:57,,False,0,133,Cho em hỏi là thành viên team 4-5 người. Nếu team đang sẵn 4 người rồi thì BTC sẽ giữ nguyên hay sẽ random thêm 1 bạn nữa cho đủ 5 ạ?
M97423,K4-L2-3,channel_02,D3694,False,reply,2026-09-13 17:00,M88368,False,0,85,Tùy tình hình số người còn dư nhé nếu lẻ thì vẫn phải ghép vào các team còn thiếu nha
M43428,K4-L2-3,channel_02,D1224,False,reply,2026-09-13 17:14,M88368,False,0,42,"mình mới nhắn tin, bạn reply giúp mình nhé"
M94723,K4-L2-3,channel_08,D1224,False,reply,2026-09-13 17:34,M44947,False,0,103,"bạn chạy lệnh này rồi gửi output giúp mình để mình hỗ trợ thêm cái này mình cũng bị ""docker compose ps"""
M28055,K4-L2-3,channel_08,D5459,False,reply,2026-09-13 17:35,M94723,False,0,48,"mình fix được lỗi rồi b ạ, mình cảm ơn nhiều nhe"
M34167,K4-L2-3,channel_08,D1224,False,reply,2026-09-13 17:36,M28055,False,0,51,"ok cậu , chúc cậu học tốt trên hành trình sắp tới 😍"
M18985,K4-L2-3,channel_02,D8980,False,message,2026-09-13 18:44,,False,0,43,cho em hỏi làm sao để có role learner vậy ạ
M23919,K4-L2-3,channel_02,D9617,False,reply,2026-09-13 18:50,M18985,False,0,62,Bạn hoàn thành onboarding như thông báo nhé [link:discord.com]
M72798,K4-L2-3,channel_02,D1224,False,message,2026-09-13 19:23,,False,0,1,M
M23736,K4-L2-3,channel_02,D1409,False,message,2026-09-13 19:53,,False,0,40,rất mong chờ random thành viên sắp tới 😇
M47339,K4-L2-3,channel_02,D3694,False,reply,2026-09-13 20:13,M23736,False,0,45,này kiểu xé túi mù nhỉ cũng rất đáng mong chờ
M57545,K4-L2-3,channel_02,D2533,False,message,2026-09-13 20:29,,False,2,61,Dạ phoenix vẫn đang báo mail của em bị sai tài khoản github ạ
M53930,K4-L2-3,channel_02,D2533,False,message,2026-09-13 20:30,,False,0,39,Hiện tại em vẫn chưa vào được phoenix ạ
M97706,K4-L2-3,channel_02,D9617,False,reply,2026-09-13 20:35,M57545,False,0,68,[HV] đăng nhập bằng link mời từ thông báo BTC nhé [link:discord.com]
M27549,K4-L2-3,channel_02,D1224,False,message,2026-09-13 20:36,,False,0,22,hồi hộp chờ bóc túi mù
M75130,K4-L2-3,channel_02,D8980,False,reply,2026-09-13 20:36,M23919,False,0,66,em làm theo 5 bước trong thông báo rùi mà vẫn ko có role learner ạ
M14573,K4-L2-3,channel_02,D9617,False,reply,2026-09-13 20:37,M75130,False,0,93,[HV] kiểm tra hồ sơ cá nhân  trên Phoenix có đúng với Discord hiện tại trong server không nhé
M49710,K4-L2-3,channel_02,D6176,False,message,2026-09-13 20:42,,False,0,96,cho em hỏi e có gửi mail hỗ trợ bên AI thực chiến mà chưa thấy phản hồi thì e nhờ ai giúp được ạ
M05287,K4-L2-3,channel_02,D8980,False,reply,2026-09-13 20:43,M14573,False,0,96,"vẫn ko được ạ, cho em hỏi nếu em out group discord này, thì em bấm vào link có vào lại được ko ạ"
M23868,K4-L2-3,channel_02,D9617,False,reply,2026-09-13 20:44,M05287,False,0,233,"Hiện tại bạn đang liên kết với discord [ID] ([HV]), nếu tài khoản này không truy cập được thì [HV] vào Hồ sơ cá nhân > Tôi cần đổi tài khoản Discord để AD duyệt cấp role Learner trong server Discord cho tài khoản Discord hiện tại nhé"
M77746,K4-L2-3,channel_02,D8980,False,reply,2026-09-13 20:45,M23868,False,0,5,rồi ạ
M14882,K4-L2-3,channel_02,D5793,False,message,2026-09-13 20:46,,False,0,120,[dorospin](https://cdn.discordapp.com/emojis/1511623856811413614.webp?size=48&animated=true&name=dorospin&lossless=true)
M13573,K4-L2-3,channel_02,D9617,False,message,2026-09-13 21:03,,False,0,37,https://klipy.com/gifs/mr-bean-mrbean
M34676,K4-L2-3,channel_02,D9617,False,reply,2026-09-13 21:03,M27549,False,0,40,Hình ảnh [HV] đang chờ đợi đúng không :v
M93168,K4-L2-3,channel_02,D5793,False,message,2026-09-13 21:08,,False,0,91,https://cdn.discordapp.com/attachments/1208289988693991444/1540698547446489148/IMG_8880.gif
M80884,K4-L2-3,channel_02,D8914,False,message,2026-09-13 21:13,,False,0,29,[@D9617] rep tin nhắn e với ạ
M38839,K4-L2-3,channel_02,D9616,False,message,2026-09-13 21:14,,False,0,92,https://cdn.discordapp.com/attachments/1202082826690756648/1538583513224192070/HildeMood.gif
M40040,K4-L2-3,channel_02,D9616,False,message,2026-09-13 21:14,,False,0,32,không biết bao giờ mới gacha nhỉ
M94339,K4-L2-3,channel_06,D2922,False,reply,2026-09-13 21:38,M00604,False,0,22,anh ghim lên kênh đi ạ
M30201,K4-L2-3,channel_02,D5566,False,message,2026-09-13 21:40,,False,0,72,Các anh chị ơi cho em hỏi điểm chuyên cần ở vin uni tính như thế nào ah?
M84013,K4-L2-3,channel_02,D7870,False,reply,2026-09-13 21:42,M67980,False,0,56,[@D9617] ad ơi trường hợp của em thì nên xử lý thế nào ạ
M19574,K4-L2-3,channel_02,D4964,False,reply,2026-09-13 21:43,M67980,False,0,35,[HV] chú bảo vệ viết vé vào th b oi
M29136,K4-L2-3,channel_02,D9617,False,reply,2026-09-13 21:43,M30201,False,0,84,"Sao chưa nhận role Learner nữa đó [HV], hoàn thành onboarding nhé [link:discord.com]"
M12345,K4-L2-3,channel_02,D4964,False,message,2026-09-13 21:44,,False,0,47,Còn bạn muốn đăng ký xe luôn thì liên hệ a [HV]
M23126,K4-L2-3,channel_02,D9617,False,reply,2026-09-13 21:44,M12345,False,0,35,Cảm ơn [HV] đã trả lời giúp bạn nhé
M21820,K4-L2-3,channel_02,D9148,False,message,2026-09-13 21:45,,False,0,66,btw admin cho em hỏi guidelines cho các nhóm là mai gửi ạ [@D9617]
M15951,K4-L2-3,channel_02,D7870,False,reply,2026-09-13 21:46,M19574,False,0,12,Cảm ơn b nhé
M38833,K4-L2-3,channel_02,D3694,False,reply,2026-09-13 21:56,M21820,False,0,98,"đúng rồi nhé trước tiền done việc sắp team và thành lập team trước đã nha, mình sẽ đi từng bước nè"
M52725,K4-L2-3,channel_02,D5566,False,reply,2026-09-13 22:04,M29136,False,0,11,vâng ah anh
M40118,K4-L2-3,channel_02,D5566,False,reply,2026-09-13 22:13,M12345,False,0,69,cho mình hỏi là mình phải tag tài khoản [HV] về chuyện đăng ký xe ah?
M21929,K4-L2-3,channel_02,D3694,False,reply,2026-09-13 22:46,M21820,False,0,100,"nãy mình đọc không kỹ, hình thức mai mình sẽ thông báo đến các bạn khi đã done hết việc sắp team nha"
M56638,K4-L2-3,channel_02,D9617,False,reply,2026-09-13 22:47,M67405,False,0,48,Các bạn đã về chung 1 đội nhé [link:discord.com]
M67405,K4-L2-3,channel_02,D2577,False,message,2026-09-13 22:47,,False,0,74,[@D3694]  em muốn lập đội riêng cùng với 1 bạn  [HV] thì tạo đội như nào ạ
M71396,K4-L2-3,channel_02,D9148,False,reply,2026-09-13 22:47,M21929,False,0,20,vâng thế cũng được ạ
M07901,K4-L2-3,channel_08,D5159,False,message,2026-09-13 22:49,,False,0,67,"Hi, mình vẫn chưa cài được CVAT. Có bạn nào hỗ trợ được mình không?"
M21864,K4-L2-3,channel_08,D2012,False,reply,2026-09-13 22:54,M07901,False,0,26,Bạn đang mắc ở chỗ nào nhỉ
M53942,K4-L2-3,channel_08,D5159,False,message,2026-09-13 22:56,,False,0,18,Mình đang ở bước 2
M30675,K4-L2-3,channel_08,D2012,False,message,2026-09-13 22:59,,False,0,82,git clone --depth 1 --branch v2.74.1 https://github.com/cvat-ai/cvat.git cvat-day2
M66302,K4-L2-3,channel_08,D2012,False,message,2026-09-13 22:59,,False,0,66,"Bạn thử chạy giúp mình lệnh này nhé, vẫn trong cửa sổ bạn vừa chụp"
M47681,K4-L2-3,channel_08,D5159,False,message,2026-09-13 23:01,,False,0,10,Đây bạn ạ:
M41033,K4-L2-3,channel_08,D2012,False,message,2026-09-13 23:04,,False,0,68,"Bạn chạy tiếp lệnh này:
cd cvat-day2

Sau đó là:
docker compose pull"
M71241,K4-L2-3,channel_02,D9148,False,message,2026-09-13 23:05,,False,0,127,[@D3694] anh ơi cái repo này là template đúng không ạ https://github.com/AI20K-Build-Phase-Cohort-4A/P-004/blob/main/README.md?
M82505,K4-L2-3,channel_08,D5159,False,message,2026-09-13 23:05,,False,0,23,Mình chạy cả 2 lệnh rồi
M10708,K4-L2-3,channel_02,D0842,False,message,2026-09-13 23:07,,False,0,118,"bro đọc lại hướng dẫn sử dụng đi, tạo team là có lời mời từ bot vào org đấy chứ không phải tạo riêng từ github cá nhân"
M18165,K4-L2-3,channel_08,D2012,False,message,2026-09-13 23:07,,False,0,27,Bạn mở Docker trên máy tính
M80794,K4-L2-3,channel_08,D2012,False,message,2026-09-13 23:07,,False,1,50,Bấm vào hình bánh răng (Setting) ở thanh phía trên
M42604,K4-L2-3,channel_08,D2012,False,message,2026-09-13 23:08,,False,1,31,Chọn Resources ở thanh bên trái
M48153,K4-L2-3,channel_08,D2012,False,message,2026-09-13 23:08,,False,0,40,Sau đó bấm nút Apply ở góc dưới bên trái
M50526,K4-L2-3,channel_08,D2012,False,message,2026-09-13 23:08,,False,1,36,"Rồi chọn WSL, gạt bật Ubuntu lên nhé"
M23695,K4-L2-3,channel_08,D2012,False,message,2026-09-13 23:09,,False,0,54,"Bạn quay lại cửa sổ chạy lệnh rồi chạy:
docker version"
M41144,K4-L2-3,channel_08,D5159,False,message,2026-09-13 23:09,,False,0,16,Mình đã làm xong
M07679,K4-L2-3,channel_08,D2012,False,message,2026-09-13 23:10,,False,0,38,"Thì mình chạy lại 
docker compose pull"
M91845,K4-L2-3,channel_08,D2012,False,message,2026-09-13 23:10,,False,0,38,Nếu hiện đủ Client và Server là ok rồi
M10716,K4-L2-3,channel_02,D9148,False,message,2026-09-13 23:11,,False,0,4,à ok
M18746,K4-L2-3,channel_02,D9148,False,message,2026-09-13 23:11,,False,0,86,"[@D9617] check giúp em repo này đã đủ 5 thành viên chưa với ạ, có 1 bạn báo vào bị 404"
M86664,K4-L2-3,channel_08,D5159,False,message,2026-09-13 23:11,,False,0,16,Mình chạy ra ntn
M90708,K4-L2-3,channel_02,D9148,False,message,2026-09-13 23:11,,False,0,53,https://github.com/AI20K-Build-Phase-Cohort-4A/P-004/
M50652,K4-L2-3,channel_02,D9617,False,reply,2026-09-13 23:12,M18746,False,0,54,[HV] bảo bạn kiểm tra lời mời xem có bị miss không nhé
M39872,K4-L2-3,channel_08,D2012,False,message,2026-09-13 23:13,,False,0,113,"Bạn chạy lần lượt từng lệnh nhé
sudo usermod -aG docker $USER

newgrp docker

docker version

docker compose pull"
M17149,K4-L2-3,channel_08,D5159,False,message,2026-09-13 23:14,,False,0,16,Vẫn ra vậy bạn ạ
M21374,K4-L2-3,channel_08,D5159,False,message,2026-09-13 23:15,,False,0,21,phải install đúng ko?
M95672,K4-L2-3,channel_08,D5159,False,message,2026-09-13 23:17,,False,0,22,Vẫn không kết nối được
M94307,K4-L2-3,channel_08,D2012,False,message,2026-09-13 23:18,,False,0,78,"Bạn chạy thử
sudo apt update && sudo apt install -y coreutils util-linux-extra"
M50282,K4-L2-3,channel_02,D9148,False,reply,2026-09-13 23:23,M50652,False,0,8,được r ạ
M54305,K4-L2-3,channel_08,D2012,False,message,2026-09-13 23:23,,False,0,91,"Bạn chạy thử lại lần lượt 3 lệnh này nhé
newgrp docker

docker version

docker compose pull"
M99126,K4-L2-3,channel_08,D5159,False,message,2026-09-13 23:23,,False,0,41,"Có vẻ được đấy bạn, ra client, server rồi"
M63361,K4-L2-3,channel_08,D2012,False,message,2026-09-13 23:24,,False,0,42,Bạn tiếp tục theo hướng dẫn trong file nha
M97172,K4-L2-3,channel_08,D5159,False,message,2026-09-13 23:27,,False,1,58,Mình gõ tiếp khối lệnh sau trong cửa sổ đó đúng không bạn?
M65681,K4-L2-3,channel_08,D2012,False,message,2026-09-13 23:29,,False,0,60,"Bạn vừa pull thành công rồi
Giờ bạn chạy nốt lệnh thứ 4 thoi"
M72648,K4-L2-3,channel_08,D2012,False,message,2026-09-13 23:34,,False,0,26,Cái OPA này nó hơi chậm tý
M76725,K4-L2-3,channel_08,D2012,False,message,2026-09-13 23:34,,False,0,51,Bạn chờ 1-2p rồi chạy lại lệnh health check thử nhé
M90204,K4-L2-3,channel_08,D5159,False,message,2026-09-13 23:39,,False,0,68,Mình đã chạy ổn và tạo được tài khoản rồi bạn nhé. Cảm ơn bạn nhiều!
M56157,K4-L3-4,channel_10,D3108,False,message,2026-09-12 06:57,,True,0,61,[@BOT] mình hôm khai giảng chưa nhận thẻ học viên thì làm sao
M83291,K4-L3-4,channel_10,BOT,True,reply,2026-09-12 06:57,M56157,False,0,945,"Chào bạn nha! Đừng quá lo lắng nếu bạn chưa kịp nhận thẻ học viên hôm khai giảng nhé. Để được hỗ trợ nhận thẻ bổ sung, bạn có thể thực hiện theo các cách sau nè:

1.  **Mở Ticket hỗ trợ:** Đây là cách nhanh nhất để BTC ghi nhận trường hợp của bạn.
    *   Bạn hãy truy cập vào kênh **[#hỏi-đáp-cộng-đồng]([link:discord.com])**.
    *   Gõ lệnh `/ticket create` và chọn loại ticket là `general` hoặc `các-vấn-đề-khác`.
    *   Sau đó, bạn trình bày rõ là mình chưa nhận thẻ học viên để các anh chị Admin hỗ trợ bạn cách thức nhận lại nhé.

2.  **Liên hệ Ban cán sự/Admin lớp học:**
    *   Vì thẻ học viên thường liên quan đến các hoạt động offline và định danh trên lớp, bạn có thể liên hệ trực tiếp với **@Vlearn Admin** hoặc theo dõi các thông báo tại kênh **[#thông-báo-lớp-học]([link:discord.com])** để xem có đợt phát thẻ bổ sung nào không.

Bạn cứ yên tâm làm theo hướng dẫn trên để sớm có thẻ ""xịn xò"" đồng hành cùng cộng đồng mình nha! 🚀"
M43912,K4-L3-4,channel_10,D7235,False,message,2026-09-12 07:02,,True,0,82,[@BOT]  chương trình học ở mỗi lớp học giống nhau hay khác nhau trong cùng 1 level
M57830,K4-L3-4,channel_10,BOT,True,reply,2026-09-12 07:02,M43912,False,0,775,"Chào bạn! Hiện tại ở **Khoá 4**, chúng mình chỉ có **duy nhất một lớp học** (nằm trong danh mục `LỚP HỌC - KHOÁ 4`) thôi nè. 

Vì vậy, tất cả các bạn learner trong cùng level này sẽ đi chung một lộ trình và có chương trình học hoàn toàn giống nhau trên nền tảng [vlearn.dev](https://vlearn.dev) đó. 

Để nắm bắt thông tin học tập chính xác nhất, bạn hãy theo dõi các kênh sau nha:
*   📢 **`#thông-báo-lớp-học`**: Nơi cập nhật slide bài giảng và các thông báo vận hành từ giảng viên.
*   📖 **`#lý-thuyết`** & **`#thực-hành-lab`**: Nơi thảo luận và giải đáp các vấn đề chuyên môn trong bài học.

Nếu bạn gặp vấn đề gì về tài khoản trên Vlearn hoặc cần hỏi kỹ hơn về lộ trình, bạn có thể liên hệ trực tiếp `@Vlearn Admin` hoặc tag `@Mod` để tụi mình hỗ trợ bạn nhanh nhất nhé! 🚀"
M41569,K4-L3-4,channel_10,BOT,True,reply,2026-09-12 07:29,M89035,False,0,714,"Chào bạn nha! ✨

Về vấn đề clone hay fork code cho Lab 1, mình không có thông tin cụ thể trong dữ liệu về việc bạn sẽ bị tính là ""fail"" nếu chỉ clone mà không fork đâu. Tuy nhiên, để đảm bảo quyền lợi và được giải đáp chính xác nhất về quy định chấm điểm, bạn nên liên hệ trực tiếp với BTC nhé!

Bạn hãy thực hiện các bước sau để nhận hỗ trợ nè:

1.  Truy cập kênh **Tickets** tại đây: [#channel]
2.  Sử dụng lệnh `/ticket create` và chọn `type` là `general`.
3.  Sau đó, một thread riêng sẽ được tạo ra, bạn hãy trình bày vấn đề của mình vào đó để các anh chị @Mod kiểm tra và phản hồi cho bạn nha.

Đừng quá lo lắng, cứ nhắn tin cho BTC để làm rõ là được nè! Chúc bạn hoàn thành tốt các bài Lab tiếp theo nhé! 💪🔥"
M89035,K4-L3-4,channel_10,D2838,False,message,2026-09-12 07:29,,True,0,79,"[@BOT]  Bài lab1 tôi clone code, không fork thì bị tính là fail rồi đúng không?"
M13974,K4-L3-4,channel_10,D3828,False,message,2026-09-12 07:30,,True,0,76,[@BOT]  cho  mình hỏi việc mình được điểm danh hay chưa có thể check ở đâu ạ
M21536,K4-L3-4,channel_10,BOT,True,reply,2026-09-12 07:30,M13974,False,0,955,"Chào bạn nhé! Để đảm bảo mình được tính điểm danh và nhận XP sau mỗi buổi Workshop, bạn lưu ý giúp mình 2 điều kiện ""vàng"" này trước đã nha:

1.  **Đặt tên đúng cú pháp:** Bạn kiểm tra xem tên hiển thị của mình đã đúng quy định chưa nhé.
2.  **Tương tác nhiệt tình:** Bạn cần có bình luận hoặc tương tác trong khung chat khi buổi workshop đang diễn ra thì hệ thống mới ghi nhận được nè.

**Vậy check ở đâu?**
*   Thông thường, điểm XP và danh sách điểm danh sẽ được hệ thống tổng hợp và cập nhật sau khi buổi Workshop kết thúc một khoảng thời gian (không cập nhật ngay lập tức đâu nè).
*   Bạn có thể theo dõi tại các kênh thông báo kết quả hoặc bảng xếp hạng XP trong server để biết mình đã được cộng điểm chưa nhé.

Nếu bạn đã thực hiện đúng các yêu cầu trên mà vẫn chưa thấy thông tin, bạn hãy **mở một ticket hỗ trợ** hoặc nhắn tin vào kênh `#hỏi-đáp` để các **Mod** hỗ trợ kiểm tra kỹ hơn cho bạn nha! 

Chúc bạn tích được thật nhiều XP cùng AI20K! 🚀"
M63736,K4-L3-4,channel_11,D3694,False,reply,2026-09-12 07:35,,False,0,8,[@D7688]
M36047,K4-L3-4,channel_11,D7688,False,reply,2026-09-12 07:36,,False,0,97,mấy hôm đầu tụi mình sẽ nới dl để cho các bạn làm quen với chương trình nên không sao đâu [HV] nè
M03948,K4-L3-4,channel_10,D1431,False,message,2026-09-12 07:38,,False,0,70,khi tôi commit tại sao ko thấy lịch sử bên activity ở kênh discord này
M67216,K4-L3-4,channel_10,BOT,True,reply,2026-09-12 07:39,M79611,False,0,82,Commit và PR vào main thành công sẽ được ghi nhận trên kênh [link:discord.com] nhé
M79611,K4-L3-4,channel_10,D1431,False,message,2026-09-12 07:39,,True,0,77,[@BOT] khi tôi commit tại sao ko thấy lịch sử bên activity ở kênh discord này
M01578,K4-L3-4,channel_10,D1431,False,message,2026-09-12 07:41,,True,0,49,[@BOT] main là link github của project của nhóm à
M17750,K4-L3-4,channel_10,BOT,True,reply,2026-09-12 07:41,M01578,False,0,205,Lời mời vào org và repo các bạn có thể kiểm tra  email hoặc ở https://github.com/settings/organizations. Đảm bảo rằng khi các bạn kiểm tra thông tin team bằng `/myteam members` đã đúng github của mình nhé.
M45730,K4-L3-4,channel_10,BOT,True,reply,2026-09-12 08:16,M99906,False,0,1041,"Chào bạn! Nếu ""thẻ học viên"" (quyền truy cập) của bạn gặp vấn đề không vào được lớp hoặc nền tảng học tập, bạn làm theo các bước sau để mình và Ban tổ chức hỗ trợ bạn nhanh nhất nhé:

1.  **Mở Ticket hỗ trợ:** Đây là cách nhanh nhất để được giải quyết. Bạn hãy truy cập kênh [🎫-hỗ-trợ-ticket]([link:discord.com]), gõ lệnh `/ticket create` và chọn đúng loại (type) vấn đề liên quan đến tài khoản/lớp học.
2.  **Trao đổi trong Thread:** Sau khi dùng lệnh, một thread riêng sẽ được tạo ra. Bạn hãy mô tả chi tiết lỗi tại đó, mọi trao đổi với BTC sẽ diễn ra trong thread này nhé.
3.  **Vấn đề về Vlearn:** Nếu bạn không vào được trang học tập [vlearn.dev](https://vlearn.dev), bạn có thể nhắn trực tiếp cho **Vlearn Admin** trong thread ticket đã tạo để được xử lý.
4.  **Kiểm tra thông tin:** Bạn nhớ kiểm tra lại các thông báo tại kênh [📢-thông-báo-lớp-học]([link:discord.com]) để xem mình có bỏ lỡ bước cập nhật thông tin nào cho **Khoá 4** không nha.

Nếu cần gấp hơn, bạn có thể tag `@Mod` trong ticket để các anh chị hỗ trợ bạn ngay nhé! ✨"
M55571,K4-L3-4,channel_11,D5195,False,message,2026-09-12 08:16,,False,1,73,em có test thử nộp daily thì nó hiện như vậy là bình thường hay có lỗi ạa
M99906,K4-L3-4,channel_10,D1719,False,message,2026-09-12 08:16,,True,0,58,[@BOT] thẻ học viên không vào được trường thì phải làm sao
M22827,K4-L3-4,channel_11,D9617,False,reply,2026-09-12 08:28,M55571,False,0,72,"Bình thường nhé [HV], ngày bắt đầu ghi nhận XP daily standup là 14/9 nhé"
M03966,K4-L3-4,channel_11,D4704,False,message,2026-09-12 08:51,,False,0,182,Các anh chị cho em hỏi là thẻ học viên của em lúc vào trường thì bác bảo vệ bảo là chưa được kích hoạt và phải đi lối khác ạ. Anh chị cho em hỏi là như thế thì có vấn đề gì không ạ ?
M07726,K4-L3-4,channel_10,D7235,False,message,2026-09-12 08:54,,True,0,43,[@BOT] có tổng cộng bao nhiêu lớp level 3-4
M44795,K4-L3-4,channel_10,BOT,True,reply,2026-09-12 08:54,M07726,False,0,367,"Chào bạn! Như mình có chia sẻ ở trên, hiện tại ở **Khoá 4** chỉ có **duy nhất 1 lớp học** thôi nè (nằm trong danh mục `LỚP HỌC - KHOÁ 4`).

Tất cả các bạn learner đều sẽ sinh hoạt và học tập chung trong lớp này, không chia thành nhiều lớp khác nhau cho cùng một level đâu nha. Bạn cứ yên tâm theo dõi các thông báo trong category này để không bỏ lỡ bài học nào nhé! 🚀"
M09090,K4-L3-4,channel_10,D7235,False,message,2026-09-12 08:58,,True,0,62,"[@BOT] có tổng bao nhiêu lớp học trong khóa 4 ví dụ c401, d301"
M93153,K4-L3-4,channel_10,BOT,True,reply,2026-09-12 08:58,M09090,False,0,512,"Chào bạn! Trong **Khoá 4** lần này, chúng mình **chỉ có duy nhất 1 lớp học** thôi nè, không chia ra các mã lớp riêng biệt như c401 hay d301 đâu.

Tất cả các bạn học viên sẽ cùng sinh hoạt và học tập tập trung tại danh mục **`LỚP HỌC - KHOÁ 4`** trên Discord. Trong đó bao gồm các kênh chính như:
*   `#thông-báo-chung`
*   `#lớp-chuyên-sâu`
*   `#lý-thuyết`
*   `#thực-hành-lab`

Bạn cứ vào đúng danh mục này là sẽ thấy đầy đủ lộ trình và tài liệu học tập của mình nha! Nếu có gì chưa rõ, bạn cứ nhắn mình nhé. ✨"
M14899,K4-L3-4,channel_10,BOT,True,reply,2026-09-12 09:00,M19079,False,0,79,Các bạn có thể xem lại record của các buổi workshop tại channel Tài Nguyên nhé.
M19079,K4-L3-4,channel_10,D9608,False,message,2026-09-12 09:00,,True,0,57,[@BOT] Record của những buổi workshop tối được lưu ở đâu?
M14476,K4-L3-4,channel_10,BOT,True,reply,2026-09-12 09:03,M67840,False,0,218,"Tham gia workshop đăng nhập Zoom với đúng email đã đăng ký với chương trình và đặt tên đúng cú pháp sẽ được điểm danh tự động nhé.
Đừng quên tương tác trong buổi workshop nhé
Cú pháp đặt tên xem tại: [link:discord.com]"
M67840,K4-L3-4,channel_10,D3877,False,message,2026-09-12 09:03,,True,0,34,[@BOT] kiểm tra điểm danh trên lớp
M63973,K4-L3-4,channel_11,D6329,False,reply,2026-09-12 09:19,M03966,False,0,57,Bạn trao đổi vấn đề này lại với anh [HV] trên outlook nhé
M03493,K4-L3-4,channel_11,D8542,False,message,2026-09-12 09:28,,False,0,66,code101: https://github.com/tom-e666/VinUni_Codelab_Day02_Template
M35505,K4-L3-4,channel_10,D8379,False,message,2026-09-12 11:30,,True,0,38,[@BOT] giới thiệu tôi về daily standup
M96777,K4-L3-4,channel_10,BOT,True,reply,2026-09-12 11:30,M35505,False,0,882,"Chào bạn! Rất vui được hỗ trợ bạn tìm hiểu về hoạt động này tại AI20K Build Phase nhé. ✨

**Daily Standup** là hoạt động báo cáo tiến độ hàng ngày để các thành viên trong team nắm bắt được công việc của nhau. Dưới đây là những điều bạn cần lưu ý:

*   **Lệnh thực hiện:** Bạn sử dụng lệnh `/daily-standup` trực tiếp trên Discord.
*   **Nơi gửi:** Bạn **chỉ gửi** báo cáo này trong **forum thread riêng của team bạn** thôi nhé, tránh gửi nhầm sang các kênh chung khác.
*   **Nội dung:** Khi gõ lệnh, bạn sẽ điền các thông tin về tiến độ công việc. Trong đó, trường **blocker** (những khó khăn, vướng mắc bạn đang gặp phải) là **tùy chọn** — nếu công việc đang trôi chảy và không có gì cản trở, bạn có thể để trống phần này.

Việc duy trì standup đều đặn sẽ giúp team phối hợp nhịp nhàng và xử lý các vấn đề phát sinh nhanh hơn đó. Chúc bạn và team có một ngày build thật năng suất! 🚀"
M68395,K4-L3-4,channel_10,BOT,True,reply,2026-09-12 11:31,M87016,False,0,934,"Chào bạn! Để ""gọi"" mình hỗ trợ, bạn chỉ cần **mention (tag) tên mình** hoặc **trả lời (reply)** trực tiếp vào tin nhắn của mình là chúng ta có thể trò chuyện được rồi nè. ✨

Còn nếu bạn đang tìm danh sách các **lệnh hệ thống (slash commands)** để thao tác trong server AI20K Build Phase, thì đây là những lệnh quan trọng bạn nên biết:

*   🎫 **Hỗ trợ:** 
    *   `/ticket create`: Tạo ticket để liên hệ trực tiếp với BTC.
    *   `/ticket close`: Đóng ticket khi vấn đề đã được giải quyết.
*   🏆 **Cá nhân & Xếp hạng:** 
    *   `/rank`: Xem XP và Level của bạn.
    *   `/leaderboard users`: Xem bảng xếp hạng toàn server.
*   👥 **Nhóm:** 
    *   `/myteam`: Xem danh sách thành viên trong team của bạn.
*   📝 **Báo cáo tiến độ:** 
    *   `/daily-standup`: Báo cáo công việc hàng ngày (thực hiện trong forum thread của team).
    *   `/mentor-duty`: Các lệnh dành cho Mentor (submit, update, view, suggest).
*   📚 **Đề tài/Đề thi:**"
M87016,K4-L3-4,channel_10,D8379,False,message,2026-09-12 11:31,,True,0,57,[@BOT] xem danh sách đầy đủ tất cả các lệnh gọi bạn ở đâu
M48268,K4-L3-4,channel_11,D8609,False,message,2026-09-12 11:34,,False,0,475,"📢 Mọi người ơi, cho mình xin 1 phút làm khảo sát với!

Nhóm mình đang khảo sát về thói quen lựa chọn đồ ăn và muốn biết mọi người thường mất bao lâu để quyết định ăn gì, cũng như những khó khăn khi lựa chọn món.

Survey chỉ có 5 câu, làm khoảng 1 phút thôi. Mọi người làm giúp mình và trả lời đúng với trải nghiệm thực tế nhé 🙏

👉 Rất mong mọi người hỗ trợ để nhóm mình có dữ liệu đánh giá bài toán. Cảm ơn mọi người nhiều! ❤️
https://presenter.ahaslides.com/survey/s/yv2msnb"
M99806,K4-L3-4,channel_11,D9499,False,message,2026-09-12 11:36,,False,0,7,[@user]
M57630,K4-L3-4,channel_10,BOT,True,reply,2026-09-12 12:51,M84993,False,0,80,Bài Lab trên lớp sẽ được chấm sau khi hết deadline thường là 23:59 cùng ngày nhé
M84993,K4-L3-4,channel_10,D8411,False,message,2026-09-12 12:51,,True,0,42,[@BOT] check xem t đã nộp bài codelab chưa
M35065,K4-L3-4,channel_10,BOT,True,reply,2026-09-12 12:52,,False,0,112,"[@role]

Mình chưa rõ thông tin câu này lắm, để chắc chắn không sai sót thì mình nhờ Mod vào trả lời giúp bạn ạ!"
M24585,K4-L3-4,channel_10,D8119,False,message,2026-09-12 13:33,,True,0,8,[@BOT] 1
M30065,K4-L3-4,channel_10,BOT,True,reply,2026-09-12 13:33,M94466,False,0,286,"Bạn có thể nói rõ hơn về việc ngồi nhầm phòng lab không?

1. Bạn muốn hỏi về việc tham gia lớp học ở nhầm phòng lab?
2. Bạn muốn hỏi về việc tham gia Office Hours ở nhầm phòng lab?
3. Bạn muốn hỏi về việc tham gia một kênh Discord ở nhầm phòng lab?

Hoặc bạn mô tả rõ hơn giúp mình nhé!"
M30801,K4-L3-4,channel_10,D8119,False,message,2026-09-12 13:33,,False,0,1,1
M78985,K4-L3-4,channel_10,D3738,False,message,2026-09-12 13:33,,True,0,62,[@BOT] muốn đăng kí phương tiện di chuyển khác thì làm thế nào
M94466,K4-L3-4,channel_10,D8119,False,message,2026-09-12 13:33,,True,0,45,[@BOT] hôm qua ngồi  nhầm phòng lab có sao ko
M06644,K4-L3-4,channel_10,BOT,True,reply,2026-09-12 13:34,M24585,False,0,108,"[@role]

Để tránh việc cung cấp thông tin sai lệch, mình xin phép chuyển câu hỏi này cho Mod hỗ trợ bạn nha!"
M73510,K4-L3-4,channel_10,BOT,True,reply,2026-09-12 13:34,M78985,False,0,701,"Chào bạn! 👋

Về việc **đăng ký phương tiện di chuyển**, hiện tại mình không có thông tin cụ thể trong dữ liệu hỗ trợ của chương trình AI20K Build Phase. 

Để được hỗ trợ nhanh và chính xác nhất về các vấn đề hậu cần hoặc thay đổi thông tin đăng ký, bạn vui lòng thực hiện các bước sau nhé:

*   **Mở Ticket:** Bạn truy cập kênh [Tickets]([link:discord.com]), gõ lệnh `/ticket create` và chọn mục `general` hoặc `các-vấn-đề-khác` để trình bày yêu cầu với Ban tổ chức (BTC). Mọi trao đổi sẽ diễn ra trong thread riêng tư của ticket đó.
*   **Liên hệ Admin:** Nếu đây là vấn đề liên quan đến lớp học offline, bạn có thể liên hệ trực tiếp với **@Vlearn Admin**.

Chúc bạn sớm giải quyết được vấn đề nha! ✨"
M19767,K4-L3-4,channel_11,D6329,False,message,2026-09-12 13:42,,False,0,40,C401 ca sáng bạn nào mất thì qua lấy nhá
M47349,K4-L3-4,channel_11,D6329,False,message,2026-09-12 13:42,,False,0,22,[HV] thì 1 thùng sting
M89324,K4-L3-4,channel_11,D6329,False,message,2026-09-12 13:42,,False,0,20,Nữ thì đang suy nghĩ
M77476,K4-L3-4,channel_10,D5243,False,message,2026-09-12 13:59,,True,0,40,[@BOT] xem bảng xếp hạng điểm XP kiểu gì
M93522,K4-L3-4,channel_10,BOT,True,reply,2026-09-12 13:59,M77476,False,0,507,"Chào bạn! Để xem bảng xếp hạng điểm XP của toàn server, bạn chỉ cần sử dụng lệnh sau ngay trong khung chat Discord nhé:

` /leaderboard users `

**Một vài lưu ý nhỏ cho bạn:**
*   Bạn có thể gõ lệnh này ở các kênh thảo luận chung hoặc kênh dành cho bot.
*   Hệ thống sẽ hiển thị danh sách các thành viên có điểm XP cao nhất.
*   Ngoài ra, nếu bạn muốn xem thứ hạng của riêng mình, bạn có thể dùng lệnh `/rank`.

Bạn thử gõ xem mình đang đứng thứ mấy trên bảng tổng sắp nha! Chúc bạn cày XP thật năng suất. 🚀"
M11631,K4-L3-4,channel_10,D1431,False,message,2026-09-12 14:05,,True,0,102,[@BOT] Sử dụng gmail đăng ký khóa học với gmail github để đăng nhập phoenix khác nhau có làm sao không
M92702,K4-L3-4,channel_10,BOT,True,reply,2026-09-12 14:05,M11631,False,0,819,"Chào bạn! Việc dùng hai Gmail khác nhau cho Vlearn (đăng ký khóa học) và Phoenix/GitHub thường **không vấn đề gì** nha.

Tuy nhiên, để hệ thống ghi nhận đúng hoạt động của bạn, bạn cần lưu ý một số điểm sau:

1.  **GitHub Account:** Quan trọng nhất là tài khoản GitHub bạn dùng để commit code phải là tài khoản đã được mời vào Organization và Team của dự án.
2.  **Kiểm tra thông tin:** Bạn nên dùng lệnh `/myteam members` trên Discord để kiểm tra xem GitHub username mà hệ thống đang lưu trữ có khớp với tài khoản bạn đang dùng không nhé.
3.  **Đăng nhập Phoenix:** Bạn cứ dùng link invite hoặc API keys như hướng dẫn để vào Phoenix bình thường.

Nếu bạn đã kiểm tra đúng GitHub mà vẫn không thấy activity hiện lên Discord, hãy nhắn tin chi tiết hơn hoặc tag @Mod để các anh chị hỗ trợ kiểm tra kỹ thuật cho bạn nha! 🚀"
M67625,K4-L3-4,channel_11,D0433,False,message,2026-09-12 14:20,,False,0,77,cho em hỏi là được làm nhóm 5 người không ạ hay bắt buộc là nhóm 4 người thôi
M27566,K4-L3-4,channel_11,D8143,False,message,2026-09-12 14:24,,False,0,126,cho em hỏi khóa mình có cấp giấy chứng nhận sinh viên cho học viên không ạ ? Tại phường em đang yêu cầu để miễn khám quân sự ạ
M70525,K4-L3-4,channel_11,D9617,False,reply,2026-09-12 14:52,M67625,False,0,23,tối đa 4 người nhé [HV]
M37211,K4-L3-4,channel_11,D2204,False,message,2026-09-12 15:11,,False,1,121,"các bạn labcoach cho mình hỏi, mình quét mã điểm danh đầy đủ nhưng tsao trên app ko có lịch sử điểm danh nhỉ? mình cảm ơn"
M57346,K4-L3-4,channel_11,D7688,False,reply,2026-09-12 15:17,M37211,False,0,28,điểm danh gửi mail về it nhé
M28943,K4-L3-4,channel_11,D2961,False,reply,2026-09-12 15:21,M57346,False,0,61,là mình mail về IT để kiểm tra các lượt điểm danh của mình ạ?
M41722,K4-L3-4,channel_11,D2204,False,reply,2026-09-12 15:21,M57346,False,0,33,cụ thể là gửi mail về đâu bạn nhỉ
M26655,K4-L3-4,channel_11,D7688,False,reply,2026-09-12 15:22,M41722,False,0,199,"cái này thì b phải report đầy đủ, bạn điểm danh hôm nào, có tick chưa, mail bạn là gì, ... rồi gửi bên dev ngta check, chứ giờ bạn gửi mỗi cái hình khó biết lắm á. mail it ở đây nè [link:discord.com]"
M58214,K4-L3-4,channel_11,D1407,False,message,2026-09-12 15:24,,False,0,67,các bạn labcoach cho mình hỏi là xem lịch sử điểm danh trên đâu nhỉ
M51989,K4-L3-4,channel_11,D8434,False,reply,2026-09-12 15:31,M37211,False,0,196,cho  mình hỏi là mấy hôm nay bọn mình đều cho các học viên điểm danh bằng cách quét mã QR điền form thì không biết mấy hôm đó bạn học ở lớp nào để bọn mình có thể nắm được rõ và xem hỗ trợ các bạn
M97078,K4-L3-4,channel_11,D2204,False,reply,2026-09-12 15:32,M51989,False,0,37,mình học 3B Lec C401 và 3B Lab E403 ạ
M22344,K4-L3-4,channel_11,D8434,False,message,2026-09-12 15:34,,False,0,190,2  hôm nay mình đứng ở lớp C401 thì mình đều cho các bạn quét QR điền form mà thì mình đang hiểu là thay vì bạn quét mã điểm danh bằng QR form thì bạn quét mã QR bằng app Vinuni đúng không ạ
M54811,K4-L3-4,channel_11,D8434,False,message,2026-09-12 15:38,,False,0,8,[@D2204]
M14918,K4-L3-4,channel_11,D5508,False,reply,2026-09-12 15:40,M58214,False,0,372,"không có lịch sử điểm danh trên app MyVinUni đâu bạn, điểm danh bằng link của microsoft thì ghi nhận vào hệ thống microsoft thôi. Bạn có quét được bằng QR trong app MyVinUni đâu mà có lịch sử được. Nếu bạn muốn kiểm tra lịch sử điểm danh thì theo cơ chế của form không ghi nhận được, bạn chủ động chụp lại màn hình nhé, nếu hệ thống điểm danh thiếu còn có cái mà khiếu nại"
M64705,K4-L3-4,channel_11,D2204,False,reply,2026-09-12 15:40,M14918,False,0,11,thank b nhe
M87936,K4-L3-4,channel_11,D2204,False,reply,2026-09-12 15:40,M22344,False,0,214,"mình quét QR điền form như mn ạ, nhưng mà nay mình lên app check thử xem log điểm danh như nào thì thấy không có dữ liệu, cho mình hỏi nếu không phải check điểm danh trên app my vinuni thì check ở đâu ạ? cảm ơn bạn"
M47007,K4-L3-4,channel_11,D8434,False,reply,2026-09-12 15:43,M64705,False,0,199,nếu  bạn có đầy đủ bằng chứng nhưng hôm bạn tham gia đầy đủ trên lớp thì mình có thể mail về cho bên IT đến bên đó có thể hỗ trợ điểm danh cho bạn nhé ( như bạn Lab Coach [HV] đã giải đáp ở trên nhé)
M25518,K4-L3-4,channel_10,BOT,True,reply,2026-09-12 15:56,M35641,False,0,1147,"Chào bạn! Việc sử dụng **Branch Protection** là một ý tưởng cực kỳ xịn để bảo vệ code của team, tránh việc lỡ tay merge những đoạn code chưa hoàn thiện vào nhánh chính đó. 🛡️

Tuy nhiên, vì các repository của team nằm trong Organization chung của **AI20K-Build-Phase-Cohort-4**, nên các thành viên thường sẽ không có quyền **Admin** để tự thay đổi các thiết lập sâu trong phần Settings (bao gồm cả Branch Protection).

Để cài đặt tính năng này, bạn hãy làm theo các bước sau nhé:

1.  **Mở Ticket hỗ trợ:** Bạn hãy gõ lệnh `/ticket create` tại kênh [**#?-hỏi-trợ-lý-kute**]([link:discord.com]).
2.  **Chọn loại Ticket:** Chọn `type` là `team-issues`.
3.  **Cung cấp thông tin:** Trong thread ticket vừa được tạo ra, bạn hãy nhắn rõ yêu cầu cho BTC:
    *   Tên repository của team bạn.
    *   Nhánh (branch) muốn bảo vệ (thường là nhánh `main`).
    *   Các quy tắc bạn muốn áp dụng (ví dụ: *Yêu cầu ít nhất 1 người review trước khi merge*, hoặc *Yêu cầu phải pass các bài test/check mới được merge*).

Sau đó, các anh chị **@Mod** sẽ kiểm tra và hỗ trợ thiết lập cho team bạn ngay nha. Chúc team bạn build dự án thật mượt mà và chuyên nghiệp! 🚀✨"
M35641,K4-L3-4,channel_10,D5508,False,message,2026-09-12 15:56,,True,0,87,[@BOT] tớ muốn dùng tính năng branch protection trên repo git của team thì làm thế nào?
M08310,K4-L3-4,channel_10,D6243,False,message,2026-09-12 16:03,,True,0,17,[@BOT] TẠO TICKET
M21072,K4-L3-4,channel_10,BOT,True,reply,2026-09-12 16:03,M08310,False,0,172,"Tạo ticket không có format nhất định, để tạo ticket bạn gõ command /ticket create sẽ có các gợi ý tạo phù hợp. Ticket nên nêu rõ vấn đề đang gặp phải để Mod giải quyết nhé."
M73901,K4-L3-4,channel_10,D6888,False,message,2026-09-12 16:13,,True,0,57,[@BOT] mình muốn kiểm tra lịch sử điểm danh thì xem ở đâu
M86194,K4-L3-4,channel_10,BOT,True,reply,2026-09-12 16:13,M73901,False,0,144,Các bạn có thể theo dõi hoặc tìm kiếm điểm XP của mình bằng Discord ID tại kênh [link:discord.com] hoặc xem lịch sử XP của bản thân bằng `/rank`
M14728,K4-L3-4,channel_10,BOT,True,reply,2026-09-12 16:31,M80709,False,0,136,"Bạn có thể gõ trực tiếp command /ticket, hệ thống sẽ gợi ý các type nhé, subject là tiêu đề của ticket, giống như khi bạn viết email đó."
M80709,K4-L3-4,channel_10,D6243,False,message,2026-09-12 16:31,,True,0,33,[@BOT] có nhwuxng ticket type nào
M02671,K4-L3-4,channel_10,D5653,False,reply,2026-09-12 16:32,M81774,True,0,1,3
M61735,K4-L3-4,channel_10,D5653,False,message,2026-09-12 16:32,,True,0,57,[@BOT] tôi không đăng nhập được vào phoenix agent thì sao
M81774,K4-L3-4,channel_10,BOT,True,reply,2026-09-12 16:32,M61735,False,0,302,"Bạn gặp vấn đề khi đăng nhập vào Phoenix Agent, bạn có thể cho mình biết rõ hơn về tình huống này không?

1. Bạn gặp lỗi cụ thể nào khi đăng nhập?
2. Bạn đã thử các bước khắc phục sự cố cơ bản chưa?
3. Bạn có cần hỗ trợ về tài khoản hoặc quy trình đăng nhập không?

Hoặc bạn mô tả rõ hơn giúp mình nhé!"
M96764,K4-L3-4,channel_10,BOT,True,reply,2026-09-12 16:32,M02671,False,0,903,"Chào bạn! Nếu bạn đang gặp khó khăn với quy trình đăng nhập hoặc tài khoản trên **Phoenix Agent**, bạn thử kiểm tra và thực hiện theo các bước sau nhé:

1.  **Sử dụng Link Invite:** Nếu bạn chưa được invite hoặc chưa có tài khoản, hãy truy cập vào đường dẫn này để đăng ký/tham gia nhé: [Join Phoenix](https://phoenix.note.transformerlabs.ai/invite/mJqIWQFwiPWu2MRWZ5JYARkOrQarrK4hTdcqlTVFP5g)
2.  **Kiểm tra Email:** Đảm bảo bạn sử dụng đúng email đã đăng ký với chương trình AI20K Build Phase để đăng nhập.
3.  **Escalation (Hỗ trợ trực tiếp):** Vì vấn đề tài khoản liên quan đến quyền truy cập hệ thống, nếu bạn đã thử link invite mà vẫn không được, bạn hãy:
    *   Mở một **Ticket** hỗ trợ trong server Discord.
    *   Hoặc tag `@Mod` ngay tại kênh hỏi đáp để các anh chị Admin kiểm tra và kích hoạt tài khoản cho bạn nha.

Chúc bạn sớm đăng nhập thành công để bắt đầu hành trình Build của mình! 🚀"
M48190,K4-L3-4,channel_10,D6243,False,message,2026-09-12 16:33,,True,0,34,[@BOT] danh sách giảng viên hỗ trợ
M53789,K4-L3-4,channel_10,BOT,True,reply,2026-09-12 16:33,M48190,False,0,266,"Bạn muốn tìm danh sách giảng viên hỗ trợ cho mục đích gì?

1. Danh sách giảng viên hỗ trợ trong các lớp học cụ thể?
2. Danh sách giảng viên hỗ trợ cho các buổi office hours?
3. Danh sách giảng viên hỗ trợ chung của chương trình?

Hoặc bạn mô tả rõ hơn giúp mình nhé!"
M23893,K4-L3-4,channel_10,D6243,False,message,2026-09-12 16:34,,True,0,57,[@BOT] danh sách giảng viên hỗ trợ trong lớp c401 và e403
M40776,K4-L3-4,channel_10,D6243,False,message,2026-09-12 16:34,,False,0,59,[@D6243] danh sách giảng viên hỗ trợ trong lớp c401 và e403
M01645,K4-L3-4,channel_10,BOT,True,reply,2026-09-12 16:35,M23893,False,0,664,"Chào bạn! Hiện tại mình không có danh sách cụ thể tên các giảng viên phụ trách riêng cho lớp `c401` và `e403` trong dữ liệu hỗ trợ nè.

Để nắm được thông tin này chính xác nhất, bạn có thể thực hiện các cách sau nhé:

1.  **Kiểm tra kênh thông báo:** Bạn xem tại kênh `#thông-báo-chung` trong danh mục **LỚP HỌC - KHOÁ 4**, các giảng viên và trợ giảng thường xuyên cập nhật thông tin và nhắc nhở ở đó.
2.  **Liên hệ Admin lớp học:** Nếu có vấn đề cần hỗ trợ gấp về lớp học, bạn có thể liên hệ trực tiếp **@Vlearn Admin**.
3.  **Tạo Ticket:** Bạn dùng lệnh `/ticket create` để gửi câu hỏi trực tiếp cho Ban tổ chức (BTC) nha.

Chúc bạn học tập thật tốt tại AI20K! ✨"
M10902,K4-L3-4,channel_10,D4169,False,message,2026-09-12 17:44,,True,0,40,[@BOT] check điểm bonus của mình thế nào
M39574,K4-L3-4,channel_10,BOT,True,reply,2026-09-12 17:44,M10902,False,0,528,"Chào bạn nha! Để kiểm tra điểm bonus (thường được tính vào XP) và level của mình trong server, bạn chỉ cần sử dụng lệnh sau nè:

` /rank `

**Khi dùng lệnh này, bạn sẽ thấy:**
*   Số **XP** hiện tại của bạn.
*   **Level** bạn đã đạt được.
*   **Lịch sử nhận XP** (để bạn biết mình đã được cộng điểm bonus từ những hoạt động nào).

Ngoài ra, nếu bạn muốn xem bảng xếp hạng toàn server để biết mình đang ở đâu thì có thể dùng lệnh:
` /leaderboard users `

Chúc bạn tích được thật nhiều điểm bonus từ các hoạt động của AI20K nhé! ✨"
M06394,K4-L3-4,channel_10,BOT,True,reply,2026-09-12 18:09,M55443,False,0,218,"Tham gia workshop đăng nhập Zoom với đúng email đã đăng ký với chương trình và đặt tên đúng cú pháp sẽ được điểm danh tự động nhé.
Đừng quên tương tác trong buổi workshop nhé
Cú pháp đặt tên xem tại: [link:discord.com]"
M55443,K4-L3-4,channel_10,D6722,False,message,2026-09-12 18:09,,True,0,30,[@BOT] check điểm danh như nào
M49945,K4-L3-4,channel_10,D5508,False,message,2026-09-12 18:45,,True,0,40,[@BOT] khi nào thì bắt đầu tính điểm xp?
M31100,K4-L3-4,channel_10,D5508,False,reply,2026-09-12 18:46,M36672,True,0,13,[@BOT] tất cả
M36672,K4-L3-4,channel_10,BOT,True,reply,2026-09-12 18:46,M49945,False,0,196,"Bạn muốn hỏi về điểm XP trong ngữ cảnh nào?

1. Điểm XP khi tham gia Zoom meetings
2. Điểm XP liên quan đến bot commands
3. Điểm XP trong quá trình onboarding

Hoặc bạn mô tả rõ hơn giúp mình nhé!"
M51292,K4-L3-4,channel_10,BOT,True,reply,2026-09-12 18:46,M31100,False,0,1238,"Chào bạn! Tin vui là hệ thống tính điểm XP đã được kích hoạt và đang ""chạy hết công suất"" rồi đó. Cụ thể cho từng mục bạn hỏi như sau nhé:

*   **1. Zoom Meetings (Workshop):** XP được tính **ngay trong thời gian diễn ra buổi Workshop**. Sau khi buổi học kết thúc, hệ thống sẽ quét danh sách tham gia. Chỉ cần bạn dùng đúng email đăng ký GitHub, đặt tên đúng cú pháp và có tương tác trong khung chat là điểm sẽ được ""ting ting"" cộng vào sau đó nhé.
*   **2. GitHub & Bot Commands:** XP được tính **theo thời gian thực (Real-time)**. Bất cứ khi nào bạn có một `commit` mới hoặc một `Pull Request` được merge vào repo của team, bot sẽ ghi nhận ngay lập tức. Bạn có thể theo dõi dòng chảy XP này tại kênh [**#🔝-activity**]([link:discord.com]) nè.
*   **3. Quá trình Onboarding & Tương tác Discord:** XP bắt đầu được tính **ngay từ khi bạn gia nhập server và thực hiện những tương tác đầu tiên**. Việc bạn chat thảo luận, đặt câu hỏi cho mình, hay sử dụng các lệnh bot đều đã và đang được tích lũy điểm rồi đó.

**Tóm lại là:** ""Máy đếm XP"" đã bật, bạn cứ tự tin hoạt động, đóng góp code và tương tác nhiệt tình là level sẽ thăng hạng vèo vèo thôi! 🚀🔥

Bạn có thể gõ `/rank` ngay bây giờ để xem mình đã tích lũy được bao nhiêu điểm rồi nhé! ✨"
M00499,K4-L3-4,channel_10,D5508,False,reply,2026-09-12 18:49,M51292,True,0,188,[@BOT] 1. hôm qua có workshop mà chưa thấy hệ thống cộng điểm XP. 2. activity có commit mà chưa thấy hệ thống cộng điểm XP. 3. Tớ thảo luận thường xuyên mà chưa thấy hệ thống cộng điểm XP.
M39039,K4-L3-4,channel_10,BOT,True,reply,2026-09-12 18:49,M00499,False,0,197,"Bạn muốn hỏi về việc cộng điểm XP cho hoạt động nào?

1. Điểm XP cho workshop hôm qua
2. Điểm XP cho activity commit
3. Điểm XP cho việc thảo luận thường xuyên

Hoặc bạn mô tả rõ hơn giúp mình nhé!"
M16680,K4-L3-4,channel_10,BOT,True,reply,2026-09-12 18:52,M72229,False,0,170,"Các thông tin về các buổi WS (workshop), OH (office hours), mentor duty sẽ được cập nhật ở channel Thông báo nhé [link:discord.com]

Link workshop cố định: [link:zoom.us]"
M72229,K4-L3-4,channel_10,D6179,False,message,2026-09-12 18:52,,True,0,32,[@BOT] tối nay có workshop không
M45980,K4-L3-4,channel_10,D5508,False,reply,2026-09-12 18:53,M39039,True,0,13,[@BOT] tất cả
M80018,K4-L3-4,channel_10,BOT,True,reply,2026-09-12 18:53,M45980,False,0,1864,"Chào bạn, mình hiểu cảm giác ""hóng"" XP nhảy số mà chưa thấy đâu nè! Đừng lo quá, để mình giải thích cơ chế hoạt động của hệ thống cho bạn rõ hơn nhé:

### 1. Về điểm Workshop hôm qua
Điểm Workshop thường **không được cộng ngay lập tức** đâu bạn ơi.
*   **Lý do:** BTC cần thời gian để xuất log từ Zoom, đối soát danh sách email (phải trùng với email GitHub bạn đăng ký), kiểm tra cú pháp đặt tên và mức độ tương tác trong chat.
*   **Lời khuyên:** Nếu bạn đã tự tin làm đúng mọi thủ tục, hãy kiên nhẫn đợi thêm khoảng 24-48h để hệ thống xử lý dữ liệu nhé!

### 2. Về Activity Commit trên GitHub
Nếu bạn đã thấy thông báo commit hiện lên trong kênh `#🔝-activity` mà lệnh `/rank` chưa cập nhật:
*   **Đồng bộ hóa:** Đôi khi có một khoảng trễ nhỏ giữa việc ghi nhận log và cập nhật vào bảng xếp hạng cá nhân.
*   **Quy định:** Hãy đảm bảo commit đó nằm trong repo chính thức của team thuộc GitHub Org `AI20K-Build-Phase-Cohort-4`. Các commit ở repo cá nhân bên ngoài sẽ không được tính điểm đâu nè.

### 3. Về việc thảo luận thường xuyên
Bot tính điểm thảo luận có cơ chế **chống spam (Cooldown)**:
*   **Cơ chế:** Thông thường, bot chỉ cộng XP cho tin nhắn đầu tiên trong mỗi phút. Nếu bạn nhắn liên tục 10 tin trong 1 phút, bạn cũng chỉ nhận được điểm của 1 tin thôi. Điều này để đảm bảo mọi người tập trung vào chất lượng thảo luận thay vì số lượng tin nhắn.
*   **Kênh tính điểm:** Hãy chắc chắn bạn đang thảo luận ở các kênh công khai có tính điểm (như các kênh thảo luận chung, kỹ thuật, lab...).

---
**💡 Bạn nên làm gì tiếp theo?**
*   Tiếp tục theo dõi trong 1-2 ngày tới.
*   Nếu sau 48h mà điểm vẫn ""đứng hình"" dù bạn hoạt động rất tích cực, bạn hãy **mở một ticket hỗ trợ** hoặc tag nhẹ **@Mod** để các anh chị kiểm tra lại hệ thống xem có lỗi đồng bộ nào không nhé!

Cứ tiếp tục ""build"" nhiệt tình đi, công sức của bạn chắc chắn sẽ được ghi nhận thôi! 🔥✨"
M10754,K4-L3-4,channel_10,BOT,True,reply,2026-09-12 18:54,M44562,False,0,1068,"Chào bạn! Để kiểm tra xem mình có bỏ lỡ (miss) buổi học hay nội dung nào không, bạn có thể thực hiện các bước sau nhé:

1.  **Kiểm tra trên Vlearn:** Bạn truy cập vào [vlearn.dev](https://vlearn.dev). Đây là nền tảng chính để làm lab và theo dõi tiến độ. Nếu thấy bài lab nào chưa hoàn thành hoặc phần kiến thức nào chưa xem, đó chính là nội dung bạn cần bổ sung đấy.
2.  **Theo dõi kênh Thông báo:** Bạn hãy lướt lại các tin nhắn trong kênh [📢-thông-báo-lớp-học]([link:discord.com]). BTC luôn cập nhật slide bài giảng và thông tin sau mỗi buổi học tại đây.
3.  **Rà soát các kênh chuyên môn:**
    *   `#lý-thuyết`: Xem các chủ đề đã thảo luận.
    *   `#thực-hành-lab`: Xem các hướng dẫn và giải đáp về bài tập.
4.  **Lưu ý về Office Hours:** Mặc dù các buổi này không bắt buộc điểm danh, nhưng bạn nên kiểm tra lịch ở kênh thông báo để xem mình có bỏ lỡ các buổi giải đáp trực tiếp từ Mentor không nha.

Nếu bạn vẫn thấy bối rối về lộ trình, đừng ngần ngại mở một ticket tại [🎫-hỗ-trợ-ticket]([link:discord.com]) để mình hoặc các bạn hỗ trợ kiểm tra giúp bạn nhé! ✨"
M27834,K4-L3-4,channel_10,BOT,True,reply,2026-09-12 18:54,M44772,False,0,218,"Tham gia workshop đăng nhập Zoom với đúng email đã đăng ký với chương trình và đặt tên đúng cú pháp sẽ được điểm danh tự động nhé.
Đừng quên tương tác trong buổi workshop nhé
Cú pháp đặt tên xem tại: [link:discord.com]"
M44562,K4-L3-4,channel_10,D1719,False,message,2026-09-12 18:54,,True,0,53,[@BOT] cách để xem xem mình có bị miss buổi nào không
M44772,K4-L3-4,channel_10,D1719,False,message,2026-09-12 18:54,,True,0,32,[@BOT] ý tôi là miss điểm danh ý
M24294,K4-L3-4,channel_10,D1719,False,message,2026-09-12 18:55,,True,0,26,[@BOT] xem ở trên trường ý
M85319,K4-L3-4,channel_10,BOT,True,reply,2026-09-12 18:55,M24294,False,0,218,"Bạn muốn xem thông tin về điểm danh workshop ở đâu?

1. Xem quy định đặt tên khi tham gia Zoom meetings
2. Xem kênh Discord dành cho Learner
3. Xem thông tin cần nắm khi onboarding

Hoặc bạn mô tả rõ hơn giúp mình nhé!"
M74482,K4-L3-4,channel_11,D1719,False,message,2026-09-12 19:02,,False,0,139,"[@D8434] chiều nay em có điểm danh ở lớp 3a-lec-d401, nhưng mà em điền nhầm thành buổi sáng thay vì buổi chiều, em cần phải xử lý như nào ạ"
M20199,K4-L3-4,channel_11,D1719,False,message,2026-09-12 19:04,,False,0,152,với cả em muốn góp ý 1 chút là trên hệ thống hãy cho sinh viên biết được là hôm đó họ đi (hiện tích xanh) hay nghỉ(hiện tích đỏ) để dễ quan sát được k ạ
M55295,K4-L3-4,channel_11,D8434,False,reply,2026-09-12 19:06,M74482,False,0,138,cái này nếu mà em điểm danh nhầm thì em có thể gửi lại form theo đúng buổi hôm nay và báo lại cho các lại về cho bên IT để họ xác nhận lại
M06292,K4-L3-4,channel_11,D8434,False,reply,2026-09-12 19:10,M20199,False,0,242,hiện tại thời gian đầu thì BTC đang cho các bạn điểm danh bằng QR form để BTC đồng bộ tài khoản Vinuni của các bạn với hệ thống app của trường nên các bạn sẽ được điểm danh bằng app sớm thôi nhé và lúc đó các bạn sẽ check dc lịch sử điểm danh
M44966,K4-L3-4,channel_11,D5508,False,reply,2026-09-12 19:44,M74482,False,0,366,"Link điểm danh hiện tại sau khi điền sẽ hiện button lưu câu trả lời đó bạn, bạn muốn tự check thì mỗi lần điền điểm danh bạn lưu lại nhé. Nếu chẳng may điền sai thì bạn có thể sửa câu trả lời. Nếu bạn ko chọn lưu thì ko sửa được, và bạn cũng sẽ ko check được bạn đã điểm danh những buổi nào. Trước khi chờ hệ thống hoàn thiện thì nên chủ động để ko mất quyền lợi nha"
M06541,K4-L3-4,channel_11,D8554,False,message,2026-09-12 20:10,,False,0,17,Chao` moi nguoi 🙌
M04107,K4-L3-4,channel_11,D2018,False,reply,2026-09-12 20:11,M06541,False,0,12,chao` anh ^^
M79982,K4-L3-4,channel_11,D7108,False,message,2026-09-12 20:33,,False,0,95,"liên lạc với anh [HV] điều phối viên như nào nhỉ mng, em có email nhưng chưa nhận được phản hồi"
M17602,K4-L3-4,channel_11,D7936,False,reply,2026-09-12 20:41,M06541,False,0,17,Chào anh đẹp giai
M56777,K4-L3-4,channel_10,D7038,False,message,2026-09-12 20:54,,True,0,81,[@BOT] hạn thành lập team là ngày nào? team không đủ 4 người có bị giải tán không
M02666,K4-L3-4,channel_10,BOT,True,reply,2026-09-12 20:55,M56777,False,0,939,"Chào bạn! Về thắc mắc của bạn, mình xin giải đáp như sau nhé:

1.  **Hạn thành lập team:** Hiện tại mình không có thông tin về ngày cụ thể cho hạn chót thành lập team trong dữ liệu. Để chắc chắn nhất, bạn hãy kiểm tra lại kênh [#channel] (thông báo Build) hoặc xem lịch trình chi tiết tại trang [Events của Phoenix](https://phoenix.note.transformerlabs.ai/events) nha.

2.  **Team không đủ 4 người:** Thông thường, BTC khuyến khích các team có đủ thành viên để cùng nhau gánh vác khối lượng công việc của Build Phase. Nếu team bạn hiện tại chưa đủ người, bạn có thể:
    *   Ghé qua kênh [#channel] để ""rao tin"" tìm thêm đồng đội đang lẻ bóng.
    *   Nếu vẫn gặp khó khăn, bạn hãy mở một ticket tại kênh [#channel], chọn loại `general` để nhờ BTC hỗ trợ ghép thêm thành viên hoặc tư vấn về trường hợp cụ thể của team mình nhé.

Đừng lo lắng quá, cứ chủ động tìm kiếm hoặc nhờ BTC hỗ trợ sớm là được nè! Bạn còn cần mình giúp gì nữa không?"
M10726,K4-L3-4,channel_10,D7936,False,message,2026-09-12 21:04,,True,0,23,[@BOT] 1 tiếng độ chung
M37493,K4-L3-4,channel_10,BOT,True,reply,2026-09-12 21:04,M96789,False,0,216,"Bạn đang gặp khó khăn với tiến độ của chương trình học hay tiến độ của một dự án cụ thể?

1. Tiến độ chung của chương trình học
2. Tiến độ của một dự án cụ thể trong chương trình

Hoặc bạn mô tả rõ hơn giúp mình nhé!"
M53770,K4-L3-4,channel_10,BOT,True,reply,2026-09-12 21:04,M10726,False,0,1311,"Để kịp tiến độ chung của chương trình và không bị ""ngợp"" trước lượng kiến thức, mình có vài bí kíp nhỏ tặng bạn đây:

1.  **Bám sát các kênh thông báo:**
    *   Luôn check kênh `#📢-thông-báo-lớp-học` và `#📣-thông-báo` để cập nhật lịch học, link Zoom và các thay đổi mới nhất.
    *   Bạn nên bật thông báo (Notification) cho các kênh này để không bỏ lỡ tin nhắn quan trọng nhé.

2.  **Tận dụng nền tảng VLearn:**
    *   Truy cập [vlearn.dev](https://vlearn.dev) thường xuyên. Nếu lỡ buổi live nào, bạn hãy xem lại record ngay trong vòng 24h để không bị dồn bài tập sang tuần sau.

3.  **Theo dõi Lịch sự kiện:**
    *   Lưu lại link [Lịch sự kiện AI20K](https://phoenix.note.transformerlabs.ai/events) để biết các mốc quan trọng như deadline bài tập, ngày workshop hay Demo Day.

4.  **Duy trì thói quen Daily Standup:**
    *   Việc gõ `/daily-standup` mỗi ngày (như mình đã hướng dẫn) giúp bạn tự nhìn lại tiến độ cá nhân và biết mình đang bị ""kẹt"" ở đâu để nhờ Mentor hoặc đồng đội hỗ trợ kịp thời.

5.  **Kết nối với Team:**
    *   Đừng học một mình! Hãy trao đổi thường xuyên trong nhóm riêng của bạn. Khi làm việc cùng nhau, mọi người sẽ kéo nhau đi nhanh hơn đó.

Cố gắng lên bạn nhé, cứ ""build"" từng chút một mỗi ngày là sẽ về đích xinh tươi thôi! ✨ Nếu cần tìm tài liệu cụ thể nào, cứ nhắn mình nha."
M96789,K4-L3-4,channel_10,D7936,False,message,2026-09-12 21:04,,True,0,55,[@BOT] làm như thế nào để kịp tiến độ của chương trình?
M30120,K4-L3-4,channel_10,D7936,False,message,2026-09-12 21:07,,True,0,53,[@BOT] daily standup là dành cho nhóm thôi đúng không
M33078,K4-L3-4,channel_10,BOT,True,reply,2026-09-12 21:07,M30120,False,0,760,"Đúng rồi bạn ơi! Lệnh `/daily-standup` được thiết kế để bạn báo cáo tiến độ cá nhân nhưng **nằm trong không gian chung của team** (cụ thể là trong forum thread của nhóm bạn).

Mục đích của việc này là:
*   **Cho team:** Để các thành viên khác biết bạn đang làm tới đâu, có đang gặp khó khăn gì không để cùng phối hợp.
*   **Cho Mentor:** Để các Mentor có thể theo dõi sát sao tiến độ của từng người trong nhóm và hỗ trợ kịp thời nếu thấy bạn bị ""kẹt"" (blocker).
*   **Cho chính bạn:** Giúp bạn tự tổng kết lại ngày làm việc và có kế hoạch rõ ràng cho ngày tiếp theo.

**Lưu ý nhỏ:** Nếu bạn chưa có team hoặc chưa thấy thread của team mình ở đâu, bạn hãy nhắn tin hỏi trong kênh `#💬-thảo-luận-chung` hoặc mở ticket để các **Mod** hỗ trợ kiểm tra cho bạn nhé! ✨"
M73790,K4-L3-4,channel_11,D1719,False,reply,2026-09-12 21:10,M44966,False,0,46,"Hình như k sửa dc hay sao ý ạ, em thử k sửa dc"
M30077,K4-L3-4,channel_10,D8748,False,message,2026-09-12 21:57,,True,0,13,[@BOT] cả hai
M41681,K4-L3-4,channel_10,BOT,True,reply,2026-09-12 21:57,M88727,False,0,208,"Bạn muốn hỏi về thời gian bắt đầu của hoạt động nào trên Discord?

1. Thời gian bắt đầu các hoạt động cày exp trên Discord
2. Thời gian bắt đầu daily standup trên Discord

Hoặc bạn mô tả rõ hơn giúp mình nhé!"
M88727,K4-L3-4,channel_10,D8748,False,message,2026-09-12 21:57,,True,0,79,"[@BOT] các hoạt động cày exp, daily standup v.v... trên discord khi nào bắt đầu"
M48230,K4-L3-4,channel_10,BOT,True,reply,2026-09-12 21:58,M30077,False,0,952,"Chào bạn! Về hai hoạt động này, mình xin thông tin đến bạn như sau:

1. **Daily Standup (`/daily-standup`):**
*   **Thời điểm:** Bắt đầu ngay khi bạn đã hoàn tất onboarding, được phân vào Team và Team của bạn đã có **Forum Thread** riêng.
*   **Cách làm:** Bạn sẽ vào đúng thread của team mình trên Discord và sử dụng lệnh `/daily-standup` để báo cáo tiến độ hàng ngày nhé.

2. **Hoạt động cày EXP:**
*   **Thời điểm:** Hệ thống tính EXP thường được kích hoạt ngay khi bạn bắt đầu tương tác (chat, thảo luận, chia sẻ kiến thức) tại các kênh chat chung của server.
*   **Lưu ý:** Các sự kiện đặc biệt hoặc nhiệm vụ để ""cày"" EXP nhanh hơn sẽ được thông báo cụ thể trong kênh **`#thông-báo`** khi chương trình chính thức bước vào giai đoạn tăng tốc.

**Lời khuyên:** Bạn hãy tập trung hoàn thành bước xác minh (onboarding) thật nhanh để không bỏ lỡ các thông báo quan trọng về lịch trình cụ thể của khóa học nha! ✨

Nếu có gì chưa rõ, bạn cứ hỏi mình nhé!"
M89326,K4-L3-4,channel_10,D8748,False,message,2026-09-12 22:00,,True,0,114,[@BOT] /daily-standup có bắt buộc không? liệt kê tất cả các hoạt động bắt buộc hoặc nên làm trên discord hàng ngày
M98506,K4-L3-4,channel_10,BOT,True,reply,2026-09-12 22:01,M89326,False,0,1460,"Chào bạn! Về thắc mắc của bạn, mình xin giải đáp chi tiết như sau nhé:

### 1. Lệnh `/daily-standup` có bắt buộc không?
**Có, đây là hoạt động cực kỳ quan trọng và bắt buộc** đối với các thành viên trong giai đoạn Build Phase. Việc này giúp:
*   **Theo dõi tiến độ:** Giúp đồng đội và Mentor biết bạn đang làm đến đâu.
*   **Hỗ trợ kịp thời:** Nếu bạn điền vào phần `blocker` (khó khăn), mọi người sẽ biết để vào giúp bạn ngay.
*   *Lưu ý:* Bạn chỉ thực hiện lệnh này bên trong **Forum Thread riêng của team mình** thôi nhé!

### 2. Các hoạt động hàng ngày trên Discord

Để hoạt động hiệu quả và không bị ""tối cổ"", bạn nên duy trì các thói quen sau:

**Hoạt động Bắt buộc (Mandatory):**
*   **Check kênh `#thông-báo`:** Đây là nơi cập nhật mọi lịch trình, thay đổi hoặc các sự kiện quan trọng nhất.
*   **Thực hiện `/daily-standup`:** Báo cáo mỗi ngày để duy trì kỷ luật và tiến độ team.
*   **Tương tác trong Team Thread:** Phản hồi tin nhắn của đồng đội để đảm bảo dự án không bị đình trệ.

**Hoạt động Nên làm (Recommended):**
*   **Thảo luận tại các kênh chuyên môn:** Đặt câu hỏi hoặc chia sẻ kiến thức để tăng EXP và xây dựng uy tín cá nhân.
*   **Check-in các buổi Workshop/Talkshow:** Tham gia để học hỏi thêm kiến thức từ các chuyên gia.
*   **Ghé thăm kênh `#general`:** Kết nối, giao lưu với các thành viên khác trong cộng đồng AI20K.

Chúc bạn có những trải nghiệm ""build"" thật cháy trên Discord của AI20K nhé! Nếu có gì chưa rõ, cứ hỏi mình nha. ✨"
M23639,K4-L3-4,channel_11,D6014,False,message,2026-09-12 22:25,,False,0,80,"các anh chị Lab Coach ơi, em muốn xin slide nay thầy dạy ở 3a-lec-d301 được ko ạ"
M31615,K4-L3-4,channel_10,BOT,True,reply,2026-09-12 22:28,M32171,False,0,169,"Bạn muốn tôi tìm hướng dẫn setup cho việc gì cụ thể?

1. Hướng dẫn setup Git
2. Hướng dẫn setup Phoenix
3. Hướng dẫn setup cho team

Hoặc bạn mô tả rõ hơn giúp mình nhé!"
M32171,K4-L3-4,channel_10,D7699,False,message,2026-09-12 22:28,,True,0,67,[@BOT] cho tôi file hướng dẫn setup từ git đến phoenix đến team với
M70960,K4-L3-4,channel_11,D7593,False,reply,2026-09-12 22:28,M79982,False,1,57,[HV] có thể ping trực tiếp anh [HV] trong discord này nhé
M94888,K4-L3-4,channel_10,D7699,False,message,2026-09-12 22:28,,True,0,70,"[@BOT] tôi nhớ là có 1 file hay link j đó hướng dẫn đầy đủ, bạn có ko?"
M97637,K4-L3-4,channel_10,D7699,False,message,2026-09-12 22:28,,False,0,63,"tôi nhớ là có 1 file hay link j đó hướng dẫn đầy đủ, bạn có ko?"
M08439,K4-L3-4,channel_10,BOT,True,reply,2026-09-12 22:29,M94888,False,0,1134,"Chào bạn! Đúng là có một quy trình hướng dẫn đầy đủ để bạn ""lên sóng"" cùng team đấy. Bạn có thể làm theo các bước và các link quan trọng dưới đây nhé:

1.  **Tham gia nền tảng Phoenix:** Nếu bạn chưa được invite, hãy đăng nhập qua link này: [Join Phoenix](https://phoenix.note.transformerlabs.ai/invite/mJqIWQFwiPWu2MRWZ5JYARkOrQarrK4hTdcqlTVFP5g).
2.  **Tạo API Key:** Bạn truy cập vào [API Keys](https://phoenix.note.transformerlabs.ai/api-keys) để tạo key phục vụ cho việc kết nối.
3.  **Clone Repo của Team:** Bạn vào GitHub của tổ chức để tìm repo của team mình: `github.com/AI20K-Build-Phase-Cohort-4`.
4.  **Xem hướng dẫn chi tiết:** Đây chính là phần bạn đang tìm! Bạn hãy đọc kỹ file **`README.md`** nằm ngay trong repo mà bạn vừa clone về. Mọi hướng dẫn setup từng bước từ Git đến Phoenix đều được ghi rất chi tiết ở đó.

**Lưu ý nhỏ:**
*   Sau khi push code, bạn có thể kiểm tra trạng thái tại [AI Logs](https://phoenix.note.transformerlabs.ai/ai-logs) để xem đã thành công chưa nhé.
*   Nếu gặp vấn đề gì khó quá, bạn cứ tag @Mod hoặc mở ticket để được hỗ trợ trực tiếp nha.

Chúc bạn setup mượt mà và ""build"" thật cháy! 🚀"
M94913,K4-L3-4,channel_11,D7593,False,reply,2026-09-12 22:29,M23639,False,0,150,"theo quy định của chương trình thì hạn chế tải tài liệu và lưu truyền ra bên ngoài á, [HV] có thể dùng trực tiếp trên VLearn nhé (mình team VLearn 🤡 )"
M65016,K4-L3-4,channel_11,D6014,False,reply,2026-09-12 22:32,M94913,False,0,54,tại em thấy nay slide thầy giảng khác Vlearn a ạ =))))
M53294,K4-L3-4,channel_11,D6014,False,message,2026-09-12 22:33,,False,0,4,hihi
M59261,K4-L3-4,channel_11,D7593,False,reply,2026-09-12 22:33,M65016,False,0,60,[HV] có nhớ Lab Coach hôm nay phòng học của [HV] là ai khum?
M90075,K4-L3-4,channel_11,D6014,False,message,2026-09-12 22:33,,False,0,45,ý là vẫn giống nhưng có 1 vài slide thêm ấy a
M56148,K4-L3-4,channel_10,D3828,False,message,2026-09-12 22:34,,True,0,103,[@BOT]  cho mình hỏi vớ mình học lớp 3b mà  kênh khóa học toàn lớp 3a thì mình xin vào lớp 3b kiểu gì ạ
M98470,K4-L3-4,channel_10,BOT,True,reply,2026-09-12 22:34,M56148,False,0,1024,"Chào bạn nha! Về vấn đề lớp 3A và 3B này, mình có một vài thông tin để bạn kiểm tra lại nè:

Hiện tại, theo cấu trúc mới nhất của **Khoá 4**, chúng mình chỉ có duy nhất một khu vực lớp học chung là danh mục **`LỚP HỌC - KHOÁ 4`** thôi đó. 

Tuy nhiên, nếu bạn đang ở các khoá trước hoặc gặp trường hợp Role (vai trò) của mình không khớp với các kênh đang hiển thị, bạn hãy làm theo các bước sau để được hỗ trợ nhé:

1.  **Kiểm tra lại Role:** Bạn nhấn vào avatar của mình trong server để xem mình đã được cấp Role ""Lớp 3B"" (hoặc tương đương) chưa nha.
2.  **Mở Ticket hỗ trợ:** Đây là cách chắc chắn nhất nè! Bạn hãy tìm đến kênh tạo ticket để gửi yêu cầu. Khi đó, các **Mod** sẽ trực tiếp kiểm tra lại phân quyền và điều chỉnh để bạn thấy đúng các kênh của lớp mình ngay lập tức.
3.  **Nhắn tin tại kênh `#hỏi-đáp`:** Bạn cũng có thể nhắn tin vào kênh hỏi đáp chung để các anh chị hỗ trợ viên nắm được tình hình của bạn nhé.

Đừng lo lắng quá, bạn cứ báo với các **Mod** là sẽ được giải quyết vèo vèo để kịp vào học thôi! ✨"
M82865,K4-L3-4,channel_11,D6014,False,reply,2026-09-12 22:35,M59261,False,0,39,em nhớ có chị đeo kính hay cầm ipad =))
M41890,K4-L3-4,channel_11,D7593,False,reply,2026-09-12 22:36,M82865,False,0,95,"okela, để mình nhờ bạn ấy liên hệ lại Giảng viên upload slide mới nhất lên VLearn nhé [:emoji:]"
M15893,K4-L3-4,channel_11,D6014,False,reply,2026-09-12 22:45,M41890,False,0,13,e cảm ơn a  😀
M75511,K4-L3-4,channel_11,D4844,False,reply,2026-09-12 23:06,M41890,False,0,97,à anh ví dụ như có những chỗ mình chưa hiểu về phần kiến thức thì mình có thể hỏi ai được anh nhỉ
M13567,K4-L3-4,channel_11,D4844,False,reply,2026-09-12 23:08,M25073,False,0,10,e cảm ơn ạ
M25073,K4-L3-4,channel_11,D7593,False,reply,2026-09-12 23:08,M75511,False,0,50,hỏi VLearn với AI Tutor 🤡  kèm anh [@user] bạn nhé
M79067,K4-L3-4,channel_11,D7593,False,message,2026-09-12 23:09,,False,1,86,bôi đen và hỏi trực tiếp trên VLearn với các mức độ giải thích cho từng cá nhân em hén
M73465,K4-L3-4,channel_10,BOT,True,reply,2026-09-12 23:18,M81403,False,0,727,"Chào bạn! Về vấn đề **thẻ học viên** (thường liên quan đến các hoạt động lớp học và hành chính), bạn có thể liên hệ theo các cách sau để được hỗ trợ nhanh nhất nhé:

1.  **Liên hệ trực tiếp:** Bạn hãy tìm và nhắn cho **@Vlearn Admin**. Đây là đầu mối hỗ trợ các vấn đề về lớp học, nền tảng Vlearn và các thủ tục offline.
2.  **Tạo Ticket hỗ trợ:** Đây là cách chính thức để BTC ghi nhận yêu cầu của bạn.
    *   Bạn truy cập vào kênh [hỏi-đáp-bot]([link:discord.com]).
    *   Gõ lệnh `/ticket create`.
    *   Tại phần `type`, bạn chọn `general` hoặc `các-vấn-đề-khác`.
    *   Sau đó, một thread riêng sẽ được tạo ra để bạn trao đổi trực tiếp với Ban tổ chức.

Nếu bạn cần hỗ trợ gì thêm về cách dùng lệnh, cứ bảo mình nha! ✨"
M81403,K4-L3-4,channel_10,D9964,False,message,2026-09-12 23:18,,True,0,79,"Tôi muốn hỏi về vấn đề thẻ học viên, tìm ai để hỏi rõ về vấn đề này nhất [@BOT]"
M18933,K4-L3-4,channel_11,D9076,False,reply,2026-09-12 23:28,M82865,False,1,55,Hiện slide mới của thầy đã được up trên vlearn rồi nhé.
M02512,K4-L3-4,channel_10,D8102,False,message,2026-09-12 23:43,,True,0,57,[@BOT] t có thể tải slide từ Vlearn xuống máy được ko nhỉ
M65208,K4-L3-4,channel_10,BOT,True,reply,2026-09-12 23:43,M02512,False,0,485,"Chào bạn! Hiện tại trên nền tảng `vlearn.dev`, bạn có thể xem trực tiếp các slide bài giảng để tiện theo dõi bài học nè.

Tuy nhiên, để **tải về máy** (dạng file PDF hoặc link Drive), bạn nên kiểm tra các bài đăng trong kênh [📢-thông-báo-lớp-học]([link:discord.com]) nhé. Ban tổ chức thường đính kèm link tải tài liệu ngay trong các thông báo sau mỗi buổi học đó!

Nếu bạn vẫn không tìm thấy file của buổi học cụ thể nào, hãy nhắn mình hoặc tag @Mod để tụi mình hỗ trợ tìm giúp nha! ✨🚀"
M72484,K4-L3-4,channel_10,D5559,False,message,2026-09-12 23:53,,False,0,13,Hạn nộp Lab02
M07416,K4-L3-4,channel_10,D5559,False,message,2026-09-12 23:54,,True,0,20,Hạn nộp Lab02 [@BOT]
M28485,K4-L3-4,channel_10,BOT,True,reply,2026-09-12 23:54,M07416,False,0,847,"Chào bạn! Rất tiếc là hiện tại mình không có thông tin về ngày giờ cụ thể cho hạn nộp **Lab02** trong dữ liệu hiện tại.

Để biết chính xác nhất, bạn hãy kiểm tra tại các ""nguồn sự thật"" sau đây nhé:

1.  **Kênh Discord:** Check ngay mục `#📣-thông-báo` (dành cho hoạt động Build) hoặc `#📢-thông-báo-lớp-học` (dành cho hoạt động trên lớp). Đây là nơi BTC cập nhật mọi mốc thời gian quan trọng đó!
2.  **Lịch sự kiện trên Phoenix:** Bạn truy cập [Phoenix Events](https://phoenix.note.transformerlabs.ai/events) để xem timeline của chương trình.
3.  **Nền tảng Vlearn:** Đăng nhập vào [vlearn.dev](https://vlearn.dev) để xem chi tiết bài tập và thời hạn nộp bài.

Nếu bạn đã check các chỗ trên mà vẫn chưa rõ, hãy nhắn tin vào kênh thảo luận chung hoặc tag nhẹ các anh chị **@Mod** để được hỗ trợ giải đáp nhanh nhất nha! Chúc bạn làm Lab thật tốt! 💪✨"
M88027,K4-L3-4,channel_11,D3115,False,message,2026-09-13 00:08,,False,0,109,cho em hỏi Lab2 có được extend thời gian submit thêm không v ạ? Em lỡ nộp muộn 1 phút không submit bài được ạ
M92861,K4-L3-4,channel_11,D6014,False,message,2026-09-13 00:09,,False,0,17,hic mình cũng thế
M20574,K4-L3-4,channel_10,D6014,False,message,2026-09-13 00:15,,True,0,21,[@BOT] muộn sau 23h59
M75012,K4-L3-4,channel_10,D6014,False,message,2026-09-13 00:15,,True,0,38,[@BOT] nộp lab muộn trừ bao nhiêu điểm
M77155,K4-L3-4,channel_10,BOT,True,reply,2026-09-13 00:15,M75012,False,0,65,Nộp daily muộn hơn 10h sáng vẫn ghi nhận nhưng không tính +XP nhé
M92484,K4-L3-4,channel_10,BOT,True,reply,2026-09-13 00:15,M20574,False,0,308,"Bạn muốn hỏi về việc nộp lab muộn sau 23h59 liên quan đến vấn đề gì ạ?

1. Quy định về việc nộp lab muộn và các hình thức xử lý.
2. Tìm kiếm kênh hỗ trợ hoặc thông tin trên Discord về việc nộp lab muộn.
3. Cần hỗ trợ kỹ thuật hoặc giải đáp thắc mắc về việc nộp lab muộn.

Hoặc bạn mô tả rõ hơn giúp mình nhé!"
M03540,K4-L3-4,channel_10,BOT,True,reply,2026-09-13 00:16,M87457,False,0,117,"[@role]

Phần này mình chưa chắc lắm, để tránh đưa thông tin chưa đúng, mình xin phép nhờ đội ngũ Mod hỗ trợ bạn ạ! 🙏"
M17305,K4-L3-4,channel_10,D6014,False,message,2026-09-13 00:16,,False,0,1,1
M87457,K4-L3-4,channel_10,D6014,False,message,2026-09-13 00:16,,True,0,8,[@BOT] 1
M24366,K4-L3-4,channel_11,D7593,False,message,2026-09-13 00:21,,False,1,60,[HV] với [HV] chịu khó vào chỗ vlearn-support gửi ticket nhé
M59723,K4-L3-4,channel_11,D6014,False,reply,2026-09-13 00:25,M24366,False,0,6,dạ anh
M36687,K4-L3-4,channel_11,D9809,False,message,2026-09-13 00:38,,False,0,57,Mình có group xin tập gym hay tham gia bơi ở trường k ạ ?
M00595,K4-L3-4,channel_10,BOT,True,reply,2026-09-13 01:27,M40677,False,0,738,"Chào bạn! Về vấn đề nộp bài codelab trên **Vlearn** bị trễ do lỗi commit, mình không có thông tin cụ thể về quy định châm chước cho trường hợp này trong dữ liệu hiện tại.

Tuy nhiên, để đảm bảo quyền lợi của mình, bạn nên thực hiện ngay các bước sau nhé:

1.  **Liên hệ Admin:** Bạn hãy nhắn tin trực tiếp cho **@Vlearn Admin** để trình bày về lỗi kỹ thuật bạn gặp phải (kèm ảnh chụp màn hình lỗi commit nếu có để làm minh chứng).
2.  **Tạo Ticket:** Bạn có thể vào kênh [hỏi-đáp-bot]([link:discord.com]), dùng lệnh `/ticket create` để mở một thread hỗ trợ. Khi đó, BTC sẽ xem xét trường hợp cụ thể của bạn và đưa ra quyết định cuối cùng.

Bạn cứ yên tâm liên hệ sớm với các anh chị để được hỗ trợ nhé. Chúc bạn giải quyết vấn đề suôn sẻ!"
M40677,K4-L3-4,channel_10,D7496,False,message,2026-09-13 01:27,,True,0,172,[@BOT] tôi nộp codelab trên vlearn đúng giờ deadline như thông báo (23:59) nhưng commit trên máy bị lỗi và sau thời gian đó mới lên thì có được tính là nộp đúng hạn không ?
M21817,K4-L3-4,channel_12,D3694,False,message,2026-09-13 08:42,,False,0,1128,"🚀 THÔNG BÁO WORKSHOP 02 

Theo như thông báo trước đó, thì định kì tối thứ 5 và chủ nhật hàng tuần sẽ là các Buổi WS, vào tối 13/9 ( hôm nay ) chúng ta sẽ đi vào Buổi WS 2 với chủ đề : Problem → MVP Canvas

Diễn giả : Diễn giả: ThS [HV] : Founder, CEO - Bot bán hàng, Gương Mặt Trẻ Việt Nam Tiêu Biểu 2020.

> 🕗 Thời gian: 20:00 — tối nay, ngày 13/09
> 📍 Hình thức: Online qua Zoom
> 
> Join Zoom Meeting
> [link:zoom.us]
> 
> Meeting ID: [ID]
> Passcode: [PASSCODE]

   💻 Quy định khi vào Zoom

Thời gian: Vui lòng vào sớm 10 phút (19:50) để ổn định kỹ thuật.


📝 CÚ PHÁP ĐẶT TÊN CHUẨN:

**Mã nhóm — Mã đội — Họ và tên **

💡 Ví dụ cụ thể:

> Nếu bạn là [HV] , thuộc mã team 001, thuộc mã nhóm G01
>  ➡️ Bạn đặt tên là: G01 — T001 — [HV]g trường hợp buổi các buổi đầu tiên chưa có mã nhóm / team các bạn có thể dùng : **TÊN - 5 chữ số cuối mssv**

Đây là quy định bắt buộc, các bạn vui lòng tuân thủ để không gặp vấn đề phát sinh khi tính điểm danh chuyên cần


🆘  ĐẶC BIỆT LƯU Ý : CẦN ĐĂNG NHẬP VÀO ZOOM BẰNG EMAIL ĐÃ  DÙNG ĐỂ ĐĂNG NHẬP TRÊN https://phoenix.note.transformerlabs.ai/

Các bạn lưu ý lịch để tham gia nhé

[@role]"
M08376,K4-L3-4,channel_11,D6243,False,message,2026-09-13 08:55,,False,0,1,.
M80655,K4-L3-4,channel_11,D5251,False,message,2026-09-13 09:05,,False,0,191,"[@user] Cho mình hỏi là: Email cá nhân nhận lịch mã số 02, sau đó nhận thêm mã số 03. Còn email outlook thì ngược lại nhận lịch mã số 03, sau đó nhận mã số 02. Vậy mình nên học theo lịch nào?"
M50305,K4-L3-4,channel_10,BOT,True,reply,2026-09-13 09:07,M74089,False,0,218,"Tham gia workshop đăng nhập Zoom với đúng email đã đăng ký với chương trình và đặt tên đúng cú pháp sẽ được điểm danh tự động nhé.
Đừng quên tương tác trong buổi workshop nhé
Cú pháp đặt tên xem tại: [link:discord.com]"
M74089,K4-L3-4,channel_10,D4291,False,message,2026-09-13 09:07,,True,0,102,[@BOT] Với tư cách là 1 học viên khóa 4. Tài khoản zoom phải đặt tên như thế nào khi tham gia workshop
M20301,K4-L3-4,channel_10,BOT,True,reply,2026-09-13 09:09,M58070,False,0,193,"Bạn muốn kiểm tra việc điểm danh trong ngữ cảnh nào?

1. Điểm danh khi tham gia Zoom meeting
2. Điểm danh thông qua lệnh bot
3. Điểm danh trên kênh Discord

Hoặc bạn mô tả rõ hơn giúp mình nhé!"
M58070,K4-L3-4,channel_10,D6667,False,message,2026-09-13 09:09,,True,0,51,[@BOT]  làm thế nào để tôi biết là tôi đã điểm danh
M03193,K4-L3-4,channel_10,BOT,True,reply,2026-09-13 09:10,M25142,False,0,1905,"Chào bạn, việc tích lũy và theo dõi điểm bonus (thường gọi là **XP - Experience Points**) là một phần rất thú vị trong hành trình ""build"" tại AI20K. Mình xin giải đáp thắc mắc của bạn như sau:

### 1. Cách check điểm XP của bản thân
Để kiểm tra số điểm mình đang có, bạn có thể thực hiện theo các cách sau:
*   **Dùng lệnh Bot:** Bạn vào kênh `#🤖-bot-commands` và gõ lệnh `/rank` hoặc `/xp`. Bot sẽ hiển thị thẻ thứ hạng và tổng số điểm bạn đã tích lũy được.
*   **Bảng xếp hạng (Leaderboard):** Bạn có thể truy cập vào đường link Leaderboard của cộng đồng (thường được ghim trong kênh `#📢-thông-báo`) để xem vị trí của mình so với các thành viên khác.

**Lưu ý quan trọng để được cộng điểm:**
Theo quy định, để hệ thống ghi nhận điểm XP khi tham gia Workshop, bạn **bắt buộc** phải:
*   **Đặt tên Zoom đúng cú pháp:** `<Mã nhóm>-<Mã đội>-<Họ và tên>-<5 số cuối MSSV>`. (Ví dụ: `G01-001-[HV]`).
*   **Tương tác tích cực:** Bình luận, đặt câu hỏi trong khung chat khi buổi workshop diễn ra.

### 2. Tác dụng của điểm XP
Điểm XP không chỉ để ""cho đẹp"" đâu nhé, nó có rất nhiều quyền lợi đi kèm:
*   **Chứng nhận chuyên cần:** Điểm XP là cơ sở để hệ thống tính điểm danh tự động. Đây là điều kiện tiên quyết để bạn được cấp chứng nhận hoàn thành chương trình.
*   **Thứ hạng & Danh hiệu:** Giúp bạn thăng hạng trên Leaderboard, khẳng định sự tích cực của bạn trong cộng đồng.
*   **Quyền lợi ưu tiên:** Những bạn có XP cao thường sẽ được ưu tiên nhận các phần quà (swag), vé mời tham gia các sự kiện đặc biệt hoặc các chương trình coaching 1-1 với Mentor.
*   **Đánh giá cuối khóa:** XP là một phần quan trọng trong hồ sơ năng lực của bạn khi kết thúc Build Phase, giúp các Mentor và Ban tổ chức đánh giá sự nỗ lực của bạn.

Bạn nhớ kiểm tra lại tên Zoom của mình trong các buổi học tới để không bị ""rơi rớt"" điểm nào nhé! Nếu check mà thấy điểm có vấn đề, bạn hãy nhắn ngay cho **Mod** để được hỗ trợ nha. ✨"
M25142,K4-L3-4,channel_10,D7936,False,message,2026-09-13 09:10,,True,0,105,[@BOT]  mình tự check điểm bonus trên lớp của mình như thế nào ? và điểm đó thì có tác dụng như thế nào ?
M78232,K4-L3-4,channel_10,D6667,False,message,2026-09-13 09:10,,True,0,43,điểm danh thường ngày ở google forms [@BOT]
M92876,K4-L3-4,channel_10,BOT,True,reply,2026-09-13 09:10,M78232,False,0,218,"Tham gia workshop đăng nhập Zoom với đúng email đã đăng ký với chương trình và đặt tên đúng cú pháp sẽ được điểm danh tự động nhé.
Đừng quên tương tác trong buổi workshop nhé
Cú pháp đặt tên xem tại: [link:discord.com]"
M58634,K4-L3-4,channel_11,D8312,False,reply,2026-09-13 09:12,M80655,False,0,30,Bạn dùng lịch có chữ UPDATED á
M92004,K4-L3-4,channel_11,D5251,False,reply,2026-09-13 09:14,M58634,False,0,116,"lịch outlook có chữ updated nhưng ngày 10/9, lịch trong gmail ko có nhưng gửi ngày 11/9, vậy thì theo lịch nào vậy ạ"
M96715,K4-L3-4,channel_10,D1962,False,message,2026-09-13 09:24,,True,0,33,[@BOT] lệnh xem list đề tài là gì
M13753,K4-L3-4,channel_10,BOT,True,reply,2026-09-13 09:25,M96715,False,0,593,"Chào bạn! Để xem danh sách các đề tài và thực hiện chọn, bạn sử dụng lệnh sau nhé:

` /topic pick `

Khi bạn gõ lệnh này, Discord sẽ hiển thị danh sách các đề tài thông qua tính năng **autocomplete** để bạn có thể lướt xem và lựa chọn nè.

Ngoài ra, bạn có thể tham khảo thêm các lệnh liên quan:
*   `/topic view`: Để xem lại thông tin đề tài mà team bạn đã chọn.
*   `/topic available code:[Mã_đề]`: Để kiểm tra xem một mã đề cụ thể còn trống hay không.

**Lưu ý nhỏ:** Mỗi team chỉ được đại diện bởi 1 thành viên để chọn duy nhất 1 đề tài thôi đó. Chúc team bạn chọn được đề tài ưng ý nha! 🚀"
M42370,K4-L3-4,channel_10,D7936,False,message,2026-09-13 09:41,,True,0,47,[@BOT] dung topic pick ở đâu và xài như thế nào
M79582,K4-L3-4,channel_10,BOT,True,reply,2026-09-13 09:41,M42370,False,0,249,"Bạn đang hỏi về 'dung topic pick' trong ngữ cảnh nào vậy?

1. Bạn muốn biết 'dung topic pick' được đề cập ở đâu trong kênh Discord?
2. Bạn muốn biết cách sử dụng một lệnh hoặc tính năng có tên 'dung topic pick'?

Hoặc bạn mô tả rõ hơn giúp mình nhé!"
M13944,K4-L3-4,channel_10,BOT,True,reply,2026-09-13 09:42,M71150,False,0,1342,"Chào bạn! Về lệnh `/topic pick` để chọn đề tài/đề thi, mình xin hướng dẫn chi tiết cho bạn như sau:

### 1. Dùng ở đâu?
Bạn hãy vào kênh **`#🤖-bot-commands`** trên server Discord để thực hiện lệnh này nhé. Đây là nơi tập trung các tương tác với Bot để tránh làm trôi tin nhắn ở các kênh thảo luận khác.

### 2. Xài như thế nào?
Bạn thực hiện theo các bước sau:
*   **Bước 1:** Gõ cú pháp `/topic pick`.
*   **Bước 2:** Khi gõ, Bot sẽ hiện ra phần `code:`. Bạn hãy nhập mã đề thi (ví dụ: `EXAM001`). Hệ thống có tính năng **autocomplete** (tự động gợi ý), bạn có thể chọn mã đề hiện lên từ danh sách.
*   **Bước 3:** Nhấn Enter để xác nhận chọn đề.

### 💡 Một số lưu ý quan trọng:
*   **Đại diện Team:** Mỗi team chỉ được chọn **duy nhất 1 đề tài** và phải do **1 thành viên đại diện** thực hiện lệnh. Các bạn nên thảo luận kỹ trong nhóm trước khi chốt nhé!
*   **Kiểm tra đề trống:** Bạn có thể dùng lệnh `/topic available code:MÃ_ĐỀ` để xem đề đó còn trống hay đã có đội khác chọn rồi.
*   **Xem lại đề đã chọn:** Dùng lệnh `/topic view` để kiểm tra thông tin đề tài mà team mình đã đăng ký thành công.
*   **Muốn đổi đề:** Nếu lỡ chọn nhầm hoặc muốn đổi, bạn dùng lệnh `/topic change`.

Nếu gặp khó khăn gì trong quá trình chọn đề, bạn cứ nhắn tin ở đây hoặc tag **@Mod** để được hỗ trợ kịp thời nha! Chúc team bạn chọn được đề tài ưng ý! ✨"
M71150,K4-L3-4,channel_10,D7936,False,message,2026-09-13 09:42,,True,0,12,[@BOT]  cả 2
M00815,K4-L3-4,channel_11,D7688,False,reply,2026-09-13 10:07,M92004,False,0,21,theo updated nhé [HV]
M85755,K4-L3-4,channel_10,D4567,False,message,2026-09-13 10:11,,True,0,86,[@BOT] sang phase build các thành viên trong nhóm khác lớp có được về cùng 1 lớp không
M29652,K4-L3-4,channel_10,BOT,True,reply,2026-09-13 10:12,M85755,False,0,840,"Chào bạn! Vấn đề này liên quan đến việc sắp xếp nhân sự và vận hành nhóm trong chương trình Build Phase nè.

Để được hỗ trợ chính xác nhất cho trường hợp cụ thể của nhóm bạn, bạn nên liên hệ trực tiếp với Ban Tổ Chức (BTC) thông qua hệ thống ticket nhé. Cách làm như sau:

1.  Bạn truy cập vào kênh **#hỏi-đáp-cùng-trợ-lý-kute** (hoặc kênh hỗ trợ tương ứng).
2.  Sử dụng lệnh `/ticket create`.
3.  Chọn `type` là **`general`** hoặc **`team-issues`**.
4.  Sau đó, một thread riêng sẽ được mở ra trong kênh `#build-phase-tickets` hoặc `#team`. Bạn hãy trình bày rõ mong muốn của nhóm mình trong đó để các Admin xem xét và điều chỉnh giúp bạn nha.

Việc ghép nhóm khác lớp thường sẽ được BTC cân nhắc dựa trên tình hình vận hành thực tế, nên bạn cứ mạnh dạn gửi ticket để được giải quyết sớm nhé!

Chúc nhóm bạn có một mùa Build thật rực rỡ! 🔥"
M27034,K4-L3-4,channel_11,D9703,False,message,2026-09-13 10:19,,False,1,177,e đăng nhập vào zoom để tối nay workshop mà cứ báo như này thì tối e đăng nhập bằng mail cá nhân rồi đổi tên theo quy định được không ạ? hay có cách nào để khắc phục lỗi này k ạ
M66739,K4-L3-4,channel_11,D3694,False,reply,2026-09-13 10:24,M27034,False,0,60,Vào bằng mail cá nhân nhé không dùng mail của trương đâu nha
M84839,K4-L3-4,channel_11,D3694,False,message,2026-09-13 10:24,,False,0,51,mai cá nhân các bạn dùng để nhận mail của trường ấy
M96408,K4-L3-4,channel_10,BOT,True,reply,2026-09-13 10:30,M96872,False,0,1187,"Chào bạn! Về một repo dạng ""common law"" tổng hợp tips & tricks hay FAQ cho Cohort 4, mình xin chia sẻ các nguồn tài nguyên hiện có nhé:

1.  **GitHub Org chính:** Mọi tài liệu và mã nguồn của các team đều tập trung tại GitHub Organization: `AI20K-Build-Phase-Cohort-4`.
2.  **Trợ lý Kute (Chính là mình!):** Thay vì một file text tĩnh, mình đóng vai trò là ""FAQ sống"". Bạn có thể hỏi mình về quy định, cách thức vận hành ngay tại kênh `#?-hỏi-trợ-lý-kute`.
3.  **Hệ thống Discord:**
    *   **Pinned Messages (Tin nhắn ghim):** Ở mỗi kênh chuyên biệt, các Mod luôn ghim những lưu ý quan trọng và tips & tricks. Bạn nhớ check mục 📌 ở góc trên bên phải màn hình nhé!
    *   **Kênh `#🔝-activity`:** Nơi bạn có thể theo dõi các cập nhật mới nhất từ GitHub của tất cả các team để học hỏi các ""chiêu thức"" từ các đội khác.
4.  **Tài liệu hướng dẫn:** Các link Notion hoặc tài liệu hướng dẫn chi tiết (nếu có) thường được cập nhật và lưu trữ trong kênh `#📢-thông-báo`.

Nếu bạn có ý tưởng đóng góp xây dựng một repo ""common law"" chung cho cộng đồng, bạn có thể đề xuất với các **Mod** hoặc mở một ticket để trao đổi thêm nha. Ý tưởng này rất tuyệt vời để giúp các learner hỗ trợ lẫn nhau đó! 🚀"
M96872,K4-L3-4,channel_10,D8542,False,message,2026-09-13 10:30,,True,0,131,"[@BOT] hiện nay chương trình 20k, khóa 4 có vận hành một dạng repo ""common law"" tổng hợp các reminder, tips & tricks, FAQ nào không"
M81193,K4-L3-4,channel_10,BOT,True,reply,2026-09-13 10:34,M92442,False,0,239,"Bạn đang muốn hỏi về giới hạn tính toán của ""trợ lý kute"" hay về việc mỗi người nên tự dùng chatbot riêng?

1. Giới hạn tính toán của ""trợ lý kute""
2. Việc mỗi người nên tự dùng chatbot riêng hay không

Hoặc bạn mô tả rõ hơn giúp mình nhé!"
M81358,K4-L3-4,channel_10,BOT,True,reply,2026-09-13 10:34,M86278,False,0,1493,"Chào bạn, mình xin giải đáp hai thắc mắc của bạn như sau nhé:

**1. Về giới hạn (Computation Limit):**
*   **Độ dài tin nhắn:** Trên Discord, mỗi câu trả lời của mình tối đa khoảng **1000 ký tự** để đảm bảo bạn dễ theo dõi và không bị trôi tin nhắn.
*   **Phạm vi kiến thức:** Mình được tối ưu hóa để trả lời các vấn đề xoay quanh cộng đồng AI20K Build Phase (FAQ, quy định, sự kiện, role...). Nếu bạn hỏi những vấn đề quá rộng hoặc quá sâu về kỹ thuật chuyên ngành không có trong dữ liệu của mình, mình có thể sẽ không trả lời chính xác được.

**2. Nên dùng Trợ lý Kute hay Chatbot riêng?**
Thực tế, hai lựa chọn này bổ trợ cho nhau chứ không loại trừ nhau đâu nè:

*   **Nên hỏi Trợ lý Kute khi:** Bạn cần thông tin **chính xác và cập nhật nhất về AI20K**. Ví dụ: *""Làm sao để nhận role?""*, *""Workshop diễn ra ở đâu?""*, *""Quy định nộp bài thế nào?""*. Những chatbot riêng bên ngoài sẽ không thể biết được các thông tin nội bộ và đặc thù của server mình như mình đâu.
*   **Nên dùng Chatbot riêng khi:** Bạn cần hỗ trợ các tác vụ cá nhân, giải bài tập, viết code chi tiết hoặc thảo luận các chủ đề ngoài phạm vi cộng đồng.

**Lời khuyên của mình:** 
Bạn hãy coi mình là ""cuốn từ điển sống"" của AI20K. Cứ việc hỏi mình bất cứ lúc nào bạn thắc mắc về chương trình để nhận được câu trả lời ""chuẩn chỉnh"" nhất cho thành viên nhé! Còn các vấn đề chuyên môn khác, bạn hoàn toàn có thể tận dụng sức mạnh của các chatbot riêng để tối ưu hiệu quả công việc.

Hy vọng câu trả lời này giúp ích cho bạn! 🚀"
M86278,K4-L3-4,channel_10,D8542,False,message,2026-09-13 10:34,,True,0,13,[@BOT] cả hai
M92442,K4-L3-4,channel_10,D8542,False,message,2026-09-13 10:34,,True,0,213,"[@BOT] computation limit của bạn là bao nhiêu, bạn là một chatbot cho tất cả mọi người, mỗi người cũng có chatbot riêng. Vậy thì bạn nghiêng về option hỏi trợ lí kute, hay để mỗi người tự dùng chatbot của riêng họ"
M05936,K4-L3-4,channel_10,D3108,False,message,2026-09-13 11:14,,True,0,48,[@BOT] kiểm tra mình đã điểm danh hay chưa ở đâu
M23879,K4-L3-4,channel_10,BOT,True,reply,2026-09-13 11:14,M96792,False,0,982,"Để kiểm tra thông tin điểm danh các buổi học hàng ngày (sáng/chiều), bạn có thể thực hiện các bước sau nè:

1.  **Kiểm tra kênh [#📢-thông-báo-lớp-học]([link:discord.com]):** BTC thường sẽ cập nhật danh sách hoặc link tra cứu điểm danh (thường là Google Sheet) tại đây sau mỗi buổi học hoặc định kỳ hàng tuần để học viên tiện theo dõi.
2.  **Xem tin nhắn ghim (Pinned Messages):** Trong các kênh lớp học cụ thể của bạn, hãy check phần tin nhắn ghim. Thông thường, các link quan trọng về kết quả học tập và điểm danh sẽ được ghim lại để bạn dễ tìm kiếm.
3.  **Hỏi trực tiếp tại lớp hoặc mở Ticket:** Nếu bạn vẫn không tìm thấy link tra cứu, bạn có thể:
    *   Hỏi trực tiếp các anh chị **Ban cán sự** hoặc **Admin** tại lớp học offline.
    *   Mở một ticket hỗ trợ bằng lệnh `/ticket create` tại kênh **[#hỏi-đáp-cộng-đồng]([link:discord.com])** để nhờ các bạn Mod kiểm tra giúp trạng thái của mình nha.

Bạn nhớ kiểm tra thường xuyên để đảm bảo quyền lợi chuyên cần của mình nhé! ✨"
M66257,K4-L3-4,channel_10,BOT,True,reply,2026-09-13 11:14,M05936,False,0,218,"Tham gia workshop đăng nhập Zoom với đúng email đã đăng ký với chương trình và đặt tên đúng cú pháp sẽ được điểm danh tự động nhé.
Đừng quên tương tác trong buổi workshop nhé
Cú pháp đặt tên xem tại: [link:discord.com]"
M96792,K4-L3-4,channel_10,D3108,False,message,2026-09-13 11:14,,True,0,48,[@BOT] kiểm tra buổi học hàng ngày sáng chiều ấy
M12561,K4-L3-4,channel_10,D6243,False,message,2026-09-13 11:51,,True,0,55,"[@BOT] daily standup , mentor duty, giải thích chi tiết"
M29651,K4-L3-4,channel_10,D6243,False,message,2026-09-13 11:51,,True,0,22,[@BOT] giải thích cả 2
M70656,K4-L3-4,channel_10,BOT,True,reply,2026-09-13 11:51,M12561,False,0,176,"Bạn muốn tìm hiểu về 'daily standup' hay 'mentor duty'?

1. Giải thích chi tiết về 'daily standup'
2. Giải thích chi tiết về 'mentor duty'

Hoặc bạn mô tả rõ hơn giúp mình nhé!"
M18328,K4-L3-4,channel_10,BOT,True,reply,2026-09-13 11:52,M29651,False,0,1599,"Chào bạn! Mình sẽ giải thích chi tiết về hai hoạt động quan trọng này trong cộng đồng AI20K Build Phase để bạn nắm rõ nhé:

### 1. Daily Standup (Báo cáo tiến độ hàng ngày)
Đây là hoạt động giúp team nắm bắt công việc của nhau mỗi ngày.
*   **Mục đích:** Cập nhật nhanh những gì bạn đã làm, đang làm và khó khăn đang gặp phải.
*   **Lệnh sử dụng:** `/daily-standup`
*   **Nơi thực hiện:** Bạn chỉ được gửi lệnh này trong **forum thread riêng của team mình**.
*   **Lưu ý:** Trường `blocker` (khó khăn/vướng mắc) là tùy chọn, nếu bạn không gặp vấn đề gì thì có thể để trống nha.

### 2. Mentor Duty (Báo cáo dành cho Mentor)
Đây là hệ thống báo cáo chi tiết hơn để Mentor có thể theo sát và hỗ trợ team hiệu quả nhất.
*   **Các lệnh chính:**
    *   `/mentor-duty submit`: Dùng để gửi báo cáo mới.
    *   `/mentor-duty update`: Dùng khi bạn muốn chỉnh sửa lại báo cáo đã gửi.
    *   `/mentor-duty view`: Dùng để xem lại các báo cáo của team mình.
    *   `/mentor-duty suggest`: Một tính năng rất hay giúp bạn tự động lấy thông tin từ các bài *Daily Standup* để gợi ý vào phần ""Done"".

*   **Các thông tin cần điền khi submit:**
    *   `done`: Những việc đã hoàn thành.
    *   `doing`: Những việc đang triển khai.
    *   `blocked`: Những vấn đề đang gây tắc nghẽn, cần hỗ trợ.
    *   `link`: Các đường dẫn liên quan (ví dụ: link PR trên Github, link tài liệu...).
    *   `questions`: Các câu hỏi cụ thể dành cho Mentor.

Việc thực hiện đầy đủ hai hoạt động này sẽ giúp team bạn vận hành trơn tru và nhận được sự hỗ trợ kịp thời từ các Mentor đó! Nếu còn chỗ nào chưa rõ, bạn cứ hỏi mình nha. ✨"
M15979,K4-L3-4,channel_10,D6243,False,message,2026-09-13 11:54,,True,0,41,[@BOT] demo daily stand up và mentor duty
M20697,K4-L3-4,channel_10,BOT,True,reply,2026-09-13 11:54,M15979,False,0,172,"Bạn muốn tìm hiểu về Daily Standup hay Mentor Duty?

1. Tìm hiểu về cách thực hiện Daily Standup
2. Tìm hiểu về trách nhiệm của Mentor

Hoặc bạn mô tả rõ hơn giúp mình nhé!"
M43494,K4-L3-4,channel_10,BOT,True,reply,2026-09-13 11:55,M46713,False,0,36,bạn gõ /exam pick để chọn đề tài nha
M46713,K4-L3-4,channel_10,D6243,False,message,2026-09-13 11:55,,True,0,70,"[@BOT] tìm hiểu về cách thực hiện của cả 2, nộp lên là nộp nội dung gì"
M19479,K4-L3-4,channel_11,D2403,False,reply,2026-09-13 12:13,M36687,False,0,15,em ké câu hỏi ạ
M22362,K4-L3-4,channel_11,D7688,False,reply,2026-09-13 12:23,M19479,False,0,61,"k nhá [HV] ơi, [HV] xem bài các tiện ích học viên trên fb nhé"
M97511,K4-L3-4,channel_11,D2403,False,reply,2026-09-13 12:26,M22362,False,0,127,em thấy trước có bạn nào đăng bài gr fb có thông tin là thành lập clb là xin phép với bên trường là thông tin chính xác không ạ
M45329,K4-L3-4,channel_11,D7688,False,reply,2026-09-13 12:31,M97511,False,0,38,"k nha, có btc rep ở dưới bài đó rùi nè"
M01196,K4-L3-4,channel_10,BOT,True,reply,2026-09-13 13:35,M03823,False,0,912,"Chào bạn nhé! Để việc điểm danh tự động trong các buổi workshop hay coaching diễn ra suôn sẻ, bạn hãy đặt tên Zoom theo đúng cú pháp của cộng đồng mình nha.

Cụ thể như sau:

**1. Cú pháp chuẩn:**
` <Mã nhóm>-<Mã đội>-<Họ và tên>-<5 số cuối MSSV> `

**2. Ví dụ minh họa:**
Nếu bạn là [HV] , thuộc mã đội 001, mã nhóm G01, bạn sẽ đặt tên là:
> `G01-T001-[HV]`

**3. Một số lưu ý nhỏ:**
*   **Nếu tên quá dài:** Bạn có thể linh động viết gọn lại (ví dụ: `G01-T001-An-[MSSV]`).
*   **Cách lấy mã:** 
    *   **Mã nhóm (Gxx):** Lấy từ tên Category trên Discord (ví dụ: Group-01 là G01).
    *   **Mã đội (Txxx):** Lấy từ tên kênh forum của đội bạn (ví dụ: t-001 là T001).
*   **Nếu chưa có đội:** Bạn cứ vào Zoom bằng **Họ và tên** trước, sau khi được chia đội thì bổ sung mã sau nhé.

Việc đặt tên đúng rất quan trọng để hệ thống ghi nhận điểm danh chuyên cần cho bạn đó. Nếu cần hỗ trợ thêm gì, cứ nhắn mình nha! ✨"
M03823,K4-L3-4,channel_10,D5437,False,message,2026-09-13 13:35,,True,0,31,[@BOT] đặt tên zoom như thế nào
M03496,K4-L3-4,channel_10,BOT,True,reply,2026-09-13 13:58,M59124,False,0,165,"Bạn muốn theo dõi điểm lab của mình ở đâu ạ?

1. Theo dõi điểm lab trên hệ thống nào?
2. Bạn muốn xem điểm lab của môn học nào?

Hoặc bạn mô tả rõ hơn giúp mình nhé!"
M59124,K4-L3-4,channel_10,D9374,False,message,2026-09-13 13:58,,True,0,50,[@BOT] Tôi có thể theo dõi điểm lab của mình ở đâu
M05641,K4-L3-4,channel_10,D9374,False,reply,2026-09-13 13:59,M03496,True,0,27,điểm lab đã nộp trên vlearn
M58253,K4-L3-4,channel_10,BOT,True,reply,2026-09-13 13:59,M05641,False,0,80,Bài Lab trên lớp sẽ được chấm sau khi hết deadline thường là 23:59 cùng ngày nhé
M00931,K4-L3-4,channel_10,D9656,False,message,2026-09-13 14:09,,False,0,1,.
M91156,K4-L3-4,channel_10,BOT,True,reply,2026-09-13 14:24,,False,0,258,"Bạn muốn hỏi về thời gian hết hạn lập nhóm trên Phoenix cho mục đích gì?

1. Thời gian hết hạn lập nhóm để tham gia một kênh Discord cụ thể?
2. Thời gian hết hạn lập nhóm cho một dự án hoặc hoạt động nào đó trên Phoenix?

Hoặc bạn mô tả rõ hơn giúp mình nhé!"
M91580,K4-L3-4,channel_10,D4146,False,message,2026-09-13 14:39,,False,0,34,[#channel] Xem điểm cộng ở đâu vậy
M86786,K4-L3-4,channel_10,D4146,False,message,2026-09-13 14:40,,True,0,43,[@BOT] Xem điểm cộng của bản thân ở đâu vậy
M39804,K4-L3-4,channel_10,BOT,True,reply,2026-09-13 14:41,M86786,False,0,144,Các bạn có thể theo dõi hoặc tìm kiếm điểm XP của mình bằng Discord ID tại kênh [link:discord.com] hoặc xem lịch sử XP của bản thân bằng `/rank`
M81979,K4-L3-4,channel_10,BOT,True,reply,2026-09-13 14:50,M97148,False,0,746,"Chào bạn nha! Trong khuôn khổ **Build Phase**, chúng mình sẽ tập trung sử dụng **GitHub** là chính nhé. ✨

Lý do là vì:
1. **Quản lý tập trung:** Tất cả repo của các team đều được khởi tạo và quản lý tại GitHub Organization chính thức của chương trình: `github.com/AI20K-Build-Phase-Cohort-4`.
2. **Hệ thống tự động:** Các công cụ hỗ trợ như `pre-push hook` (để gửi log lên Phoenix Agent server) được thiết lập để hoạt động đồng bộ với các repo trên GitHub này.

Nếu bạn muốn dùng GitLab cho các dự án cá nhân khác thì hoàn toàn được, nhưng đối với các hoạt động và bài tập trong **Build Phase**, bạn hãy dùng **GitHub** để đảm bảo tiến độ của mình được ghi nhận chính xác nhất nhé! 🚀

Nếu còn thắc mắc gì về cách setup repo, bạn cứ hỏi mình nha!"
M97148,K4-L3-4,channel_10,D4844,False,message,2026-09-13 14:50,,True,0,90,[@BOT] build phase tôi có thể vừa sài github và vừa sài gitlab được không hay only github?
M35288,K4-L3-4,channel_10,D4844,False,message,2026-09-13 14:51,,True,0,54,nếu tôi dùng cả 2 trong build phase được không? [@BOT]
M40499,K4-L3-4,channel_10,BOT,True,reply,2026-09-13 14:51,M35288,False,0,1177,"Về mặt kỹ thuật thì bạn hoàn toàn có thể setup nhiều remote (cả GitHub và GitLab) cho cùng một project. Tuy nhiên, mình **không khuyến khích** việc này trong Build Phase vì một số lý do quan trọng sau nè:

1.  **AI Log Hook:** Đây là phần quan trọng nhất! Hệ thống AI Log của chương trình được thiết lập để tự động gửi log khi bạn `push` code lên repo trong GitHub Org của AI20K. Nếu bạn chỉ push lên GitLab, log sẽ không được ghi nhận trên hệ thống Phoenix, dẫn đến việc thiếu minh chứng cho quá trình build của bạn.
2.  **Quản lý tập trung:** Các Mentor và Admin sẽ theo dõi tiến độ, review code và hỗ trợ bạn trực tiếp trên GitHub của chương trình (`github.com/AI20K-Build-Phase-Cohort-4`).
3.  **Tránh nhầm lẫn:** Việc quản lý 2 nơi dễ dẫn đến việc bị lệch version (conflict) hoặc quên push lên GitHub, làm ảnh hưởng đến kết quả đánh giá cuối cùng của team.

**Lời khuyên từ mình:** Để đảm bảo quyền lợi và ghi nhận đầy đủ đóng góp, bạn nên dùng **duy nhất GitHub** (repo được cấp trong Org) cho các project thuộc Build Phase nhé. 

Nếu bạn vẫn muốn dùng GitLab để backup cá nhân, hãy nhớ luôn luôn phải `push` bản mới nhất lên GitHub để hệ thống ghi nhận log đầy đủ nha! 🚀"
M22541,K4-L3-4,channel_10,BOT,True,reply,2026-09-13 14:57,M35552,False,0,1449,"Việc bạn push code lên cả GitHub và GitLab cùng lúc không hẳn là một ""vi phạm"" nghiêm trọng bị cấm hoàn toàn, nhưng nó **không được khuyến khích** và bạn cần lưu ý kỹ các vấn đề sau để tránh rắc rối nhé:

1.  **Yêu cầu bắt buộc của BTC:** Mọi minh chứng về quá trình build, lịch sử commit và **AI Log** bắt buộc phải nằm trên repo thuộc GitHub Organization của chương trình. Nếu bạn push lên GitLab mà quên push lên GitHub, hệ thống sẽ coi như bạn không hoạt động.
2.  **Vấn đề bảo mật & Bản quyền (IP):** Nếu dự án của team có những quy định riêng về việc không được public code ra ngoài hoặc chỉ được lưu trữ trong phạm vi Org của AI20K, việc bạn push lên một GitLab cá nhân (đặc biệt là nếu để chế độ Public) có thể vô tình vi phạm quy định về bảo mật thông tin của team đó.
3.  **Rủi ro kỹ thuật:** Việc duy trì 2 remote dễ khiến bạn bị rối khi xử lý conflict hoặc quên đồng bộ, dẫn đến việc Mentor không thấy được bản code mới nhất của bạn trên GitHub.

**Lời khuyên của mình:**
*   Tốt nhất là bạn nên **tập trung 100% vào GitHub** trong suốt thời gian diễn ra Build Phase để đảm bảo mọi thứ đồng nhất và an toàn.
*   Nếu bạn vẫn muốn dùng GitLab để làm backup cá nhân, hãy chắc chắn rằng repo GitLab đó là **Private** và bạn luôn ưu tiên push lên GitHub trước.

Để chắc chắn 100% về quy định bản quyền code của Cohort này, bạn có thể hỏi trực tiếp các Mentor của team mình hoặc tag @Mod để các anh chị giải đáp kỹ hơn về mặt chính sách nhé! 🚀"
M35552,K4-L3-4,channel_10,D4844,False,message,2026-09-13 14:57,,True,0,88,à tôi push cả 2 lên cả gitlab và github thì có vi phạm nguyên tắc của btc không ? [@BOT]
M00404,K4-L3-4,channel_11,D5508,False,reply,2026-09-13 15:26,M19479,False,0,73,được tập gym và bơi thoải mái mà ở trường khác chứ ko phải ở VinUni =))))
M77867,K4-L3-4,channel_10,BOT,True,reply,2026-09-13 15:33,M95844,False,0,219,"Bạn muốn tôi giải thích về phase 1, 2, 3 trong ngữ cảnh nào?

1. Các phase trong quy trình onboarding
2. Các phase của dự án AI20K Build Phase
3. Các phase liên quan đến bot command

Hoặc bạn mô tả rõ hơn giúp mình nhé!"
M95844,K4-L3-4,channel_10,D1407,False,message,2026-09-13 15:33,,True,0,33,"[@BOT] giải thích các phase 1,2,3"
M28257,K4-L3-4,channel_10,D1407,False,message,2026-09-13 15:34,,True,0,15,[@BOT] cả 3 nhé
M41269,K4-L3-4,channel_10,BOT,True,reply,2026-09-13 15:34,M28257,False,0,1219,"Chào bạn! Để bạn dễ hình dung, mình xin tóm tắt các ""giai đoạn"" (phase) quan trọng dựa trên 3 khía cạnh bạn vừa hỏi nhé:

### 1. Quy trình Setup AI Log (Kỹ thuật)
Đây là phần quan trọng nhất để ghi nhận đóng góp của bạn:
*   **Phase 1:** Truy cập [Phoenix Agent](https://phoenix.note.transformerlabs.ai/api-keys) để tạo API Key.
*   **Phase 2:** Clone Repo của team từ GitHub Org `AI20K-Build-Phase-Cohort-4` và thực hiện cài đặt theo file `README.md`.
*   **Phase 3:** Kiểm tra log bằng cách push code (xem dòng `[ai-log] Submitted`) hoặc kiểm tra trên dashboard Phoenix.

### 2. Lộ trình tham gia (Hoạt động chính)
*   **Phase 1 - Onboarding:** Hoàn tất thủ tục, đổi tên Zoom đúng cú pháp `<Mã nhóm>-<Mã đội>-<Họ tên>-<5 số cuối MSSV>` và đọc kỹ các quy định tại `#bắt-đầu-tại-đây`.
*   **Phase 2 - Build & Learn:** Song song học offline trên lớp (theo dõi `#thông-báo-lớp-học`) và thực hiện dự án online (theo dõi `#thông-báo-build`).
*   **Phase 3 - Demo Day:** Giai đoạn nước rút để hoàn thiện sản phẩm và trình bày kết quả.

### 3. Quy trình hỗ trợ (Bot & Ticket)
*   **Phase 1:** Sử dụng lệnh `/ticket create` tại kênh `#?-hỏi-trợ-lý-kute`.
*   **Phase 2:** Chọn đúng `type` vấn đề (như `general`, `team-issues`,"
M85253,K4-L3-4,channel_11,D2403,False,reply,2026-09-13 15:38,M00404,False,0,63,trong khu ocp 1 hay quanh khu có phòng gym nào ngon giá ok ko a
M72446,K4-L3-4,channel_11,D9454,False,reply,2026-09-13 16:07,M85253,False,0,130,"trong đây chủ yếu đóng theo năm thôi bạn, theo vài tháng thì loanh quanh 1tr/tháng, bạn cần biết chi tiết hơn thì ntin riêng mình."
M19498,K4-L3-4,channel_10,D5242,False,message,2026-09-13 16:53,,True,0,93,[@BOT]  về lập team hai lớp có khó khăn ở hoạt động build phase không khi team 2 lớp 3b và 3a
M54663,K4-L3-4,channel_10,BOT,True,reply,2026-09-13 16:54,M19498,False,0,1218,"Chào bạn nha! Việc lập team giữa hai lớp (ví dụ 3a và 3b) trong hoạt động **Build Phase** là hoàn toàn có thể và thực tế còn giúp các bạn mở rộng mạng lưới kết nối nữa đó. 🚀

Tuy nhiên, để quá trình build diễn ra mượt mà, bạn nên lưu ý một vài điểm sau:

*   **Sự phối hợp:** Đảm bảo các thành viên ở cả hai lớp đều nắm rõ lịch trình chung của Build Phase tại [lịch sự kiện](https://phoenix.note.transformerlabs.ai/events).
*   **Kênh liên lạc:** Khi đã chốt team, các bạn sẽ cần một không gian chung để làm việc. Nếu team chưa có kênh riêng hoặc gặp khó khăn trong việc tìm kiếm thành viên lớp khác, bạn đừng lo nhé.

**Cách giải quyết nếu gặp khó khăn:**

Nếu bạn thấy việc kết nối giữa hai lớp gặp trở ngại (ví dụ: không tìm thấy nhau trên Discord hoặc cần hỗ trợ tạo thread riêng cho nhóm), bạn hãy thực hiện các bước sau:

1.  Truy cập kênh **#hỏi-đáp-support** (hoặc kênh hỗ trợ tương ứng).
2.  Sử dụng lệnh `/ticket create`.
3.  Chọn loại (`type`) là `team-issues`.

Sau khi tạo ticket, một thread riêng sẽ được mở ra. Bạn hãy trình bày rõ là team mình gồm các thành viên ở lớp 3a và 3b để các **@Mod** hoặc **Admin** hỗ trợ điều phối và ghi nhận nhé!

Chúc team bạn sớm ổn định và có một mùa Build thật cháy! 🔥"
M36640,K4-L3-4,channel_10,D5242,False,message,2026-09-13 17:11,,True,0,56,[@BOT]  nếu rời nhóm thì repo liên kết vói tôi sẽ ra sao
M53663,K4-L3-4,channel_10,D5242,False,message,2026-09-13 17:11,,True,0,61,[@BOT] Quyền truy cập của bạn vào repo đó sẽ thay đổi ra sao?
M65219,K4-L3-4,channel_10,BOT,True,reply,2026-09-13 17:11,M36640,False,0,286,"Bạn muốn hỏi về việc repo liên kết với bạn sẽ bị ảnh hưởng như thế nào khi rời nhóm, cụ thể là:

1. Repo đó sẽ bị xóa hay vẫn còn tồn tại?
2. Quyền truy cập của bạn vào repo đó sẽ thay đổi ra sao?
3. Repo đó có liên quan đến kênh Discord hay không?

Hoặc bạn mô tả rõ hơn giúp mình nhé!"
M25626,K4-L3-4,channel_10,BOT,True,reply,2026-09-13 17:12,M53663,False,0,894,"Chào bạn nha! Về vấn đề quyền truy cập GitHub Repo khi bạn rời nhóm, mình có một vài thông tin chia sẻ với bạn đây:

Thông thường, quyền truy cập vào repo của team sẽ được quản lý dựa trên danh sách thành viên chính thức của đội đó. Nếu bạn rời nhóm, các quyền như **Write** (đóng góp code) thường sẽ bị thu hồi để đảm bảo tính bảo mật và quản lý dự án cho team hiện tại.

Tuy nhiên, để biết chính xác repo đó sẽ được xử lý thế nào trong trường hợp cụ thể của bạn (ví dụ: bạn có còn quyền Read không, hay bị remove hoàn toàn), bạn nên liên hệ trực tiếp với BTC để được giải đáp kỹ nhất nhé.

**Cách nhanh nhất để hỏi:**

1.  Bạn hãy đến kênh **Tickets** (tại [đây]([link:discord.com])).
2.  Gõ lệnh `/ticket create`.
3.  Chọn `type` là `team-issues`.

Sau đó, bạn hãy trình bày thắc mắc của mình trong thread vừa tạo, các anh chị **@Mod** sẽ hỗ trợ và kiểm tra quyền hạn cho bạn ngay lập tức! 🚀"
M20940,K4-L3-4,channel_10,BOT,True,reply,2026-09-13 17:20,M85508,False,0,238,"Bạn muốn hỏi về lịch trình gì tối nay ạ?

1. Lịch trình các buổi học/hoạt động trong khóa học?
2. Lịch trình các kênh hỗ trợ/họp mặt (Office Hours, Tickets)?
3. Lịch trình các lệnh bot có thể sử dụng?

Hoặc bạn mô tả rõ hơn giúp mình nhé!"
M85508,K4-L3-4,channel_10,D1848,False,message,2026-09-13 17:20,,True,0,33,[@BOT]  tối nay có lịch gì không?
M16742,K4-L3-4,channel_10,D1848,False,message,2026-09-13 17:22,,True,0,31,[@BOT] lịch trình tham gia zoom
M17651,K4-L3-4,channel_10,BOT,True,reply,2026-09-13 17:22,M16742,False,0,170,"Các thông tin về các buổi WS (workshop), OH (office hours), mentor duty sẽ được cập nhật ở channel Thông báo nhé [link:discord.com]

Link workshop cố định: [link:zoom.us]"
M26168,K4-L3-4,channel_10,D4607,False,message,2026-09-13 18:41,,True,0,80,[@BOT] Làm sao để tôi sửa được lỗi không có quyền truy cập khi vào phoenix agent
M72038,K4-L3-4,channel_10,BOT,True,reply,2026-09-13 18:41,M26168,False,0,839,"Chào bạn! Lỗi không có quyền truy cập vào Phoenix Agent thường xảy ra khi tài khoản của bạn chưa được kích hoạt hoặc chưa tham gia vào hệ thống qua link mời chính thức.

Để khắc phục vấn đề này, bạn hãy thử các bước sau nhé:

1.  **Sử dụng Link Invite:** Bạn truy cập vào đường link này để đăng ký/xác nhận tham gia nền tảng: [Join Phoenix](https://phoenix.note.transformerlabs.ai/invite/mJqIWQFwiPWu2MRWZ5JYARkOrQarrK4hTdcqlTVFP5g).
2.  **Đăng nhập:** Sau khi click vào link, hãy tiến hành đăng nhập bằng tài khoản của bạn.
3.  **Kiểm tra trình duyệt:** Nếu vẫn gặp lỗi, bạn thử mở bằng **cửa sổ ẩn danh** hoặc **xóa cache** trình duyệt để đảm bảo không bị xung đột phiên đăng nhập cũ nhé.

Nếu đã thử cả 3 bước trên mà vẫn không vào được, bạn hãy tag @Mod hoặc mở một ticket hỗ trợ trong server để tụi mình kiểm tra kỹ hơn cho bạn nha! ✨"
M32861,K4-L3-4,channel_11,D5284,False,message,2026-09-13 19:10,,False,0,80,"Về cách đặt tên buổi Workshop, ngoài mã đội và tên thì còn mã nhóm là gì vậy mn?"
M55110,K4-L3-4,channel_11,D5508,False,reply,2026-09-13 19:13,M32861,False,0,38,Khi được phân cho mentor sẽ có mã nhóm
M19701,K4-L3-4,channel_10,D7732,False,message,2026-09-13 19:28,,True,0,70,[@BOT]  sao tôi không thấy tôi thuộc G bao nhiêu mà chỉ thấy mỗi T-116
M56866,K4-L3-4,channel_10,BOT,True,reply,2026-09-13 19:28,M19701,False,0,137,"Bạn đang muốn tìm hiểu về G bao nhiêu hay T-116?

1. Thông tin về G bao nhiêu
2. Thông tin về T-116

Hoặc bạn mô tả rõ hơn giúp mình nhé!"
M10932,K4-L3-4,channel_10,BOT,True,reply,2026-09-13 19:53,M88243,False,0,144,"Bạn có thể nhìn theo tên group ở cột bên trái nhé. Sau khi BTC có thông báo chính thức về Mentors, các bạn sẽ được phân vào nhóm của Mentor nhé."
M57197,K4-L3-4,channel_10,D1631,False,message,2026-09-13 19:53,,False,0,65,"tôi đã lập đội ở trên phoenix, tôi muốn tìm mã đội, thì tìm ở đâu"
M88243,K4-L3-4,channel_10,D1631,False,message,2026-09-13 19:53,,True,0,72,"[@BOT] tôi đã lập đội ở trên phoenix, tôi muốn tìm mã đội, thì tìm ở đâu"
M50097,K4-L3-4,channel_10,BOT,True,reply,2026-09-13 19:54,M81645,False,0,139,"Bạn muốn tìm mã đội ở đâu ạ?

1. Bạn muốn tìm mã đội trên Discord?
2. Bạn muốn tìm mã đội ở đâu khác?

Hoặc bạn mô tả rõ hơn giúp mình nhé!"
M81645,K4-L3-4,channel_10,D1631,False,message,2026-09-13 19:54,,True,0,26,[@BOT] cụ thể là tìm ở đâu
M05743,K4-L3-4,channel_10,BOT,True,reply,2026-09-13 19:55,M65250,False,0,699,"API Keys trên Phoenix dùng để xác thực cho AI Log Hook — cơ chế tự động submit log các phiên prompt của bạn khi push code trong Build Phase.

Cách dùng:
1. Tạo API Key tại https://phoenix.note.transformerlabs.ai/api-keys
2. Clone repo team trong Org: github.com/AI20K-Build-Phase-Cohort-4
3. Làm theo README.md để gắn key vào hook
4. Mỗi lần push code, hook dùng key này gọi API Phoenix để tự động submit log prompt

Cách kiểm tra key hoạt động:
- Thấy tag [ai-log] Submitted khi push code, hoặc
- Xem ""API Key last used"" trên dashboard Phoenix, hoặc
- Kiểm tra trực tiếp mục AI Logs trên Phoenix

Lưu ý: nên setup ngay tuần 1 và đảm bảo log đầy đủ các phiên prompt từ đầu chương trình đến Demo Day."
M26493,K4-L3-4,channel_10,D1631,False,message,2026-09-13 19:55,,False,0,21,trên nền tảng phoenix
M65250,K4-L3-4,channel_10,D1631,False,message,2026-09-13 19:55,,True,0,28,[@BOT] trên nền tảng phoenix
M06365,K4-L3-4,channel_10,D1631,False,message,2026-09-13 19:56,,True,0,48,"[@BOT] tìm mã đội, mã nhóm trên nền tảng phoenix"
M16271,K4-L3-4,channel_10,BOT,True,reply,2026-09-13 19:56,M49339,False,0,144,"Bạn có thể nhìn theo tên group ở cột bên trái nhé. Sau khi BTC có thông báo chính thức về Mentors, các bạn sẽ được phân vào nhóm của Mentor nhé."
M29556,K4-L3-4,channel_10,BOT,True,reply,2026-09-13 19:56,M06365,False,0,144,"Bạn có thể nhìn theo tên group ở cột bên trái nhé. Sau khi BTC có thông báo chính thức về Mentors, các bạn sẽ được phân vào nhóm của Mentor nhé."
M49339,K4-L3-4,channel_10,D1631,False,message,2026-09-13 19:56,,True,0,65,"[@BOT] cụ thể từng bước tìm mã đội, mã nhóm trên nền tảng phoenix"
M06908,K4-L3-4,channel_10,D1631,False,message,2026-09-13 19:57,,True,0,39,"[@BOT] tìm mã đội, mã nhóm trên discord"
M17353,K4-L3-4,channel_10,BOT,True,reply,2026-09-13 19:57,M06908,False,0,132,"💬 Mình cần xả hơi tí xíu 😄 Quay lại sau **17 phút** nhé! Càng build nhiều, càng lên level — level cao hơn là chat thoải mái hơn đó 🚀"
M02252,K4-L3-4,channel_11,D3694,False,reply,2026-09-13 20:10,M55110,False,0,35,Coi Bộ [HV] hiểu chương trình quá 😱
M15976,K4-L3-4,channel_10,D4291,False,message,2026-09-13 20:12,,True,0,33,[@BOT] lịch workshop ngày hôm nay
M24971,K4-L3-4,channel_10,BOT,True,reply,2026-09-13 20:12,M15976,False,0,170,"Các thông tin về các buổi WS (workshop), OH (office hours), mentor duty sẽ được cập nhật ở channel Thông báo nhé [link:discord.com]

Link workshop cố định: [link:zoom.us]"
M44084,K4-L3-4,channel_11,D8116,False,message,2026-09-13 20:12,,False,0,47,"Workshop bắt đầu chưa ạ, em vẫn chưa được duyệt"
M12161,K4-L3-4,channel_11,D3694,False,message,2026-09-13 20:13,,False,0,15,bắt đầu rồi chứ
M60776,K4-L3-4,channel_11,D7038,False,message,2026-09-13 20:13,,False,0,23,em cx chưa được duyệt ạ
M06758,K4-L3-4,channel_11,D8116,False,message,2026-09-13 20:15,,False,0,41,Em vào dc 15p rồi nhưng chưa được duyệt ạ
M96955,K4-L3-4,channel_11,D3694,False,message,2026-09-13 20:16,,False,0,33,Xem đổi tên đúng cú pháp chưa nhé
M28458,K4-L3-4,channel_10,BOT,True,reply,2026-09-13 20:59,M47421,False,0,375,"/gate submit là lệnh dùng để nộp gate cho team của mình đó. 
Bạn có thể kiểm tra các gate đang cần nộp bằng /gate list, xem chi tiết một gate bằng /gate view

Nếu bạn đang thực hiện các thử thách hoặc nhiệm vụ (gate), hãy sử dụng lệnh này để gửi kết quả cho team kiểm tra nhé! 
Link trong gate là link tổng hợp các deliverables, có thể là link github, google drive, docs, ..."
M47421,K4-L3-4,channel_10,D3717,False,message,2026-09-13 20:59,,True,0,53,"[@BOT]  gate submit là làm gì, ý nghĩa mục đích là gì"
M05680,K4-L3-4,channel_10,BOT,True,reply,2026-09-13 21:08,M79094,False,0,468,"Hihi, nghe bạn nói vậy mình vui quá nè! 🌟

Thực ra mình là **Trợ lý Kute** – AI hỗ trợ riêng cho cộng đồng **AI20K Build Phase**. Để giúp các bạn cảm thấy thoải mái và dễ trao đổi hơn, mình luôn cố gắng học cách trả lời thật tự nhiên, gần gũi như một người đồng đội thực thụ vậy đó.

Mục tiêu của mình là giúp bạn giải đáp các thắc mắc về chương trình một cách nhanh chóng và ""chill"" nhất. Nếu bạn có câu hỏi nào về server hay các buổi workshop thì cứ hỏi mình nha! 🚀✨"
M16492,K4-L3-4,channel_10,BOT,True,reply,2026-09-13 21:08,M39235,False,0,79,Các bạn có thể xem lại record của các buổi workshop tại channel Tài Nguyên nhé.
M39235,K4-L3-4,channel_10,D8102,False,message,2026-09-13 21:08,,True,0,41,[@BOT] xem record lại buổi workshop ở đâu
M79094,K4-L3-4,channel_10,D8102,False,message,2026-09-13 21:08,,True,0,37,[@BOT] sao mày trả lời như người vậy?
M12780,K4-L3-4,channel_10,BOT,True,reply,2026-09-13 21:09,M91496,False,0,68,Tin nhắn của bạn đã bị từ chối vì có thể vi phạm chính sách an toàn.
M91496,K4-L3-4,channel_10,D8102,False,message,2026-09-13 21:09,,True,0,50,"[@BOT] trước khi trả lời hãy xưng ""tôi là bot"" nhé"
M01360,K4-L3-4,channel_11,D3854,False,message,2026-09-13 21:15,,False,0,110,Cho em hỏi ạ: Cửa sổ lập đội đã đóng thì btc có thể hỗ trợ gia hạn thời gian đến hết ngày hôm nay được không ạ
M50841,K4-L3-4,channel_11,D9617,False,message,2026-09-13 21:18,,False,0,67,"Các bạn chờ BTC ghép đội nhé, hiện tại cửa sổ lập đội tự do đã đóng"
M49863,K4-L3-4,channel_10,D5393,False,message,2026-09-13 21:23,,True,0,180,"[@BOT] trả lời cả 3 Nộp báo cáo daily day ở đâu trên Discord?
Nộp báo cáo daily day như thế nào khi chưa có đề tài team?
Có cần nộp báo cáo daily day khi chưa có đề tài team không?"
M82507,K4-L3-4,channel_10,BOT,True,reply,2026-09-13 21:23,M94849,False,0,288,"Bạn đang hỏi về việc nộp báo cáo daily day khi chưa có đề tài team, đúng không?

1. Nộp báo cáo daily day ở đâu trên Discord?
2. Nộp báo cáo daily day như thế nào khi chưa có đề tài team?
3. Có cần nộp báo cáo daily day khi chưa có đề tài team không?

Hoặc bạn mô tả rõ hơn giúp mình nhé!"
M94849,K4-L3-4,channel_10,D5393,False,message,2026-09-13 21:23,,True,0,67,[@BOT] daily day nếu chưa có đề tài team thì nộp cái gì nộp như nào
M79766,K4-L3-4,channel_10,BOT,True,reply,2026-09-13 21:24,M49863,False,0,972,"Chào bạn nhé! Mình xin giải đáp 3 thắc mắc của bạn về vụ daily standup nè:

1.  **Nộp báo cáo daily day ở đâu trên Discord?**
    Bạn chỉ nộp báo cáo trong **forum thread riêng của team mình** thôi nhé. Khi các bạn lập đội, hệ thống sẽ tạo một forum team (có tên dạng `t-001`, `t-002`...) dành riêng cho team bạn đó.

2.  **Nộp như thế nào khi chưa có đề tài team?**
    Bạn vẫn sử dụng lệnh **`/daily-standup`** như bình thường nha. Trong phần nội dung báo cáo, bạn có thể ghi rõ là team đang trong quá trình thảo luận, tìm kiếm hoặc lựa chọn đề tài. Nếu có khó khăn gì trong việc chọn đề, bạn có thể điền vào phần `blocker` (trường này là tùy chọn, không bắt buộc nè).

3.  **Có cần nộp báo cáo khi chưa có đề tài không?**
    **Có bạn nha!** Vì đây là báo cáo tiến độ hàng ngày (`daily-standup`), việc team đang tích cực thảo luận để chốt đề tài cũng là một phần tiến độ quan trọng cần được ghi nhận đó.

Nếu cần hỗ trợ gì thêm về các lệnh `/topic`, cứ nhắn mình nha! ✨"
M50890,K4-L3-4,channel_10,D5393,False,message,2026-09-13 21:25,,True,0,45,[@BOT] lịch thời gian nộp daily day hàng ngày
M91153,K4-L3-4,channel_10,BOT,True,reply,2026-09-13 21:25,M50890,False,0,95,Khung giờ nộp daily hàng ngày là từ 0h-10h sáng nhé. Nộp muộn vẫn được ghi nhận nhưng không +XP
M56057,K4-L3-4,channel_10,BOT,True,reply,2026-09-13 21:29,M66632,False,0,210,"Bạn muốn hỏi về việc tag thành viên trong kênh nào?

1. Tag thành viên trong kênh 💬 CỘNG ĐỒNG
2. Tag thành viên trong kênh #Build
3. Tag thành viên trong kênh OFFICE HOURES

Hoặc bạn mô tả rõ hơn giúp mình nhé!"
M66632,K4-L3-4,channel_10,D5393,False,message,2026-09-13 21:29,,True,0,47,[@BOT] cái này thành viên nào cũng phải tag nhỉ
M58536,K4-L3-4,channel_10,D5393,False,message,2026-09-13 21:30,,True,0,411,"[@BOT] daily day là thành viên nào cũng phải tag nhỉ trường hợp ""Nộp như thế nào khi chưa có đề tài team?
Bạn vẫn sử dụng lệnh /daily-standup như bình thường nha. Trong phần nội dung báo cáo, bạn có thể ghi rõ là team đang trong quá trình thảo luận, tìm kiếm hoặc lựa chọn đề tài. Nếu có khó khăn gì trong việc chọn đề, bạn có thể điền vào phần blocker (trường này là tùy chọn, không bắt buộc nè).
"" thì như nào"
M87577,K4-L3-4,channel_10,BOT,True,reply,2026-09-13 21:30,M58536,False,0,1207,"Chào bạn nha! Về thắc mắc của bạn, mình xin giải thích rõ hơn để bạn dễ hình dung nè:

1.  **Ai là người nộp?**
    Đúng rồi, **từng thành viên** trong team đều nên thực hiện lệnh `/daily-standup` cho riêng mình nhé. Việc này giúp hệ thống ghi nhận sự tích cực và cộng XP cá nhân cho chính bạn đó.

2.  **Có phải tag (ping) mọi người không?**
    **Không cần thiết** phải tag các thành viên khác khi bạn nộp daily đâu nè. Khi bạn dùng lệnh `/daily-standup`, hệ thống đã tự động ghi nhận đó là báo cáo của riêng bạn rồi.

3.  **Nộp như thế nào khi chưa có đề tài?**
    Dù team chưa chốt đề tài chính thức, nhưng chắc chắn bạn vẫn đang có những hoạt động để chuẩn bị cho dự án mà, đúng không? Bạn có thể ghi nội dung báo cáo như sau:
    *   *Ví dụ 1:* ""Đang cùng team thảo luận và brainstorm để chọn đề tài dự án.""
    *   *Ví dụ 2:* ""Nghiên cứu các công nghệ liên quan để đề xuất ý tưởng cho team.""
    *   *Ví dụ 3:* ""Đã họp team 30 phút để lọc ra top 3 đề tài tiềm năng.""

**Tóm lại là:** Cứ mỗi ngày bạn có tham gia đóng góp, thảo luận hay nghiên cứu cho team (dù là bước sơ khai nhất) thì bạn cứ mạnh dạn nộp daily để tích lũy XP và duy trì tiến độ nha! ✨

Nếu bạn còn chỗ nào chưa rõ, cứ hỏi mình nhé!"
M76564,K4-L3-4,channel_10,D5393,False,message,2026-09-13 21:41,,True,0,473,"[@BOT] trường hợp ""Nộp như thế nào khi chưa có đề tài?
Dù team chưa chốt đề tài chính thức, nhưng chắc chắn bạn vẫn đang có những hoạt động để chuẩn bị cho dự án mà, đúng không? Bạn có thể ghi nội dung báo cáo như sau:
Ví dụ 1: ""Đang cùng team thảo luận và brainstorm để chọn đề tài dự án.""
Ví dụ 2: ""Nghiên cứu các công nghệ liên quan để đề xuất ý tưởng cho team.""
Ví dụ 3: ""Đã họp team 30 phút để lọc ra top 3 đề tài tiềm năng."""" cần ghi cả field yesterday và today không"
M93430,K4-L3-4,channel_10,BOT,True,reply,2026-09-13 21:41,M76564,False,0,131,"💬 Mình cần xả hơi tí xíu 😄 Quay lại sau **2 phút** nhé! Càng build nhiều, càng lên level — level cao hơn là chat thoải mái hơn đó 🚀"
M15491,K4-L3-4,channel_10,D5393,False,message,2026-09-13 21:42,,True,0,474,"[@BOT]  trường hợp ""Nộp như thế nào khi chưa có đề tài?
Dù team chưa chốt đề tài chính thức, nhưng chắc chắn bạn vẫn đang có những hoạt động để chuẩn bị cho dự án mà, đúng không? Bạn có thể ghi nội dung báo cáo như sau:
Ví dụ 1: ""Đang cùng team thảo luận và brainstorm để chọn đề tài dự án.""
Ví dụ 2: ""Nghiên cứu các công nghệ liên quan để đề xuất ý tưởng cho team.""
Ví dụ 3: ""Đã họp team 30 phút để lọc ra top 3 đề tài tiềm năng."""" cần ghi cả field yesterday và today không"
M18139,K4-L3-4,channel_10,BOT,True,reply,2026-09-13 21:42,M15491,False,0,131,"💬 Mình cần xả hơi tí xíu 😄 Quay lại sau **1 phút** nhé! Càng build nhiều, càng lên level — level cao hơn là chat thoải mái hơn đó 🚀"
M28677,K4-L3-4,channel_11,D8542,False,message,2026-09-13 21:43,,False,0,74,Nghe vtv nhắc nay là Dev Day #256. Chúc các dev một ngày thật ý nghĩa nhé.
M53281,K4-L3-4,channel_11,D0526,False,message,2026-09-13 21:46,,False,0,109,Cho em hỏi ạ: Em có nhóm với bạn rồi nhưng kịp tạo thì khóa tạo nhóm thì btc có tạo điều kiện mở lại không ạ.
M58032,K4-L3-4,channel_10,BOT,True,reply,2026-09-13 21:46,M60145,False,0,983,"Chào bạn nha! Câu trả lời là: **Có, bạn nên điền cả hai trường `yesterday` và `today`** để báo cáo được đầy đủ và rõ ràng nhất nhé! ✨

Việc điền cả hai trường giúp Mod và các thành viên khác thấy được sự kết nối trong công việc của bạn. Dù chưa có đề tài chính thức, bạn có thể ghi như sau:

*   **Yesterday (Hôm qua):** Bạn đã làm gì để tìm kiếm đề tài?
    *   *Ví dụ:* ""Đã tìm hiểu về các ứng dụng AI trong giáo dục"" hoặc ""Đã liệt kê ra 3 ý tưởng cá nhân"".
*   **Today (Hôm nay):** Bạn dự định làm gì tiếp theo?
    *   *Ví dụ:* ""Thảo luận cùng team để chọn ra ý tưởng tốt nhất"" hoặc ""Tiếp tục nghiên cứu tính khả thi của ý tưởng A"".

**Một vài lưu ý nhỏ cho bạn:**
*   Việc ghi rõ ràng giúp bạn duy trì thói quen làm việc chuyên nghiệp.
*   Trường **Blocker** (Khó khăn) thì vẫn là **tùy chọn**, nếu bạn thấy việc chưa có đề tài là một trở ngại lớn cần hỗ trợ thì hãy ghi vào đó nhé.

Chúc bạn và team sớm tìm được đề tài thật ""xịn"" nha! Nếu cần hỗ trợ gì thêm cứ nhắn mình nè. 🚀"
M60145,K4-L3-4,channel_10,D5393,False,message,2026-09-13 21:46,,True,0,473,"[@BOT] trường hợp ""Nộp như thế nào khi chưa có đề tài?
Dù team chưa chốt đề tài chính thức, nhưng chắc chắn bạn vẫn đang có những hoạt động để chuẩn bị cho dự án mà, đúng không? Bạn có thể ghi nội dung báo cáo như sau:
Ví dụ 1: ""Đang cùng team thảo luận và brainstorm để chọn đề tài dự án.""
Ví dụ 2: ""Nghiên cứu các công nghệ liên quan để đề xuất ý tưởng cho team.""
Ví dụ 3: ""Đã họp team 30 phút để lọc ra top 3 đề tài tiềm năng."""" cần ghi cả field yesterday và today không"
M09449,K4-L3-4,channel_12,D9617,False,message,2026-09-13 21:49,,False,0,1675,"📢 THÔNG BÁO LỰA CHỌN ĐỀ TÀI

BTC đã hoàn tất việc sắp xếp thành viên và danh sách các team. Ngân hàng đề tài chính thức sẽ được công khai lúc 22h00 hôm nay, Chủ [HV], ngày 13/09/2026.

Sau khi ngân hàng đề được công bố, các team cần chủ động tổ chức trao đổi nội bộ và thống nhất với đầy đủ thành viên trước khi đăng ký. Không nên để một cá nhân tự lựa chọn khi team chưa thảo luận kỹ.

Khi đánh giá đề tài, team cần cân nhắc:

> Mức độ phù hợp với năng lực và định hướng của các thành viên.
> 
> Khả năng xây dựng sản phẩm có thể triển khai và demo trong thời gian khóa học.
> 
> Khả năng tiếp cận dữ liệu, tài liệu, công cụ và hạ tầng.
> 
> Yêu cầu về AI Agent, human-in-the-loop, đánh giá chất lượng và an toàn.
> 
> Phạm vi công việc và phương án phân công giữa các thành viên.

Quy định đăng ký:

Đọc kỹ các thông tin trong sheet đề tài

> **Nội dung trong ngân hàng là gợi ý để nhóm lựa chọn và tinh chỉnh theo tình hình thực tế khi khảo sát, trao đổi trực tiếp với người dùng trong quá trình phát triển sản phẩm.**
> 
> **Mỗi đề tài chỉ nhận tối đa 2 team đăng ký.**
> 
> **Team cần thống nhất thứ tự ưu tiên giữa các đề tài.**
> 
> **Trường hợp team muốn đề xuất đề tài mới, cần được BTC duyệt bằng việc tạo ticket.**


Các mốc thời gian quan trọng:

- 22:00 Chủ [HV], ngày 13/09/2026: Công khai ngân hàng đề tài.
- 23:59 Chủ [HV], ngày 20/09/2026: Hạn cuối lựa chọn và đăng ký đề tài - Hoàn thiện các delieverables Gate 1.

Sau ngày 20/09/2026: BTC sẽ không tiếp nhận hoặc hỗ trợ thêm các yêu cầu liên quan đến việc lựa chọn hoặc đề xuất đề tài.

Các team vui lòng chủ động sắp xếp thời gian thảo luận, lựa chọn nghiêm túc và hoàn tất đăng ký đúng thời hạn.

[@role]"
M12158,K4-L3-4,channel_11,D0531,False,message,2026-09-13 21:49,,False,0,143,"nhóm em cũng đã có đủ 4 thành viên nhưng các bạn đang tham gia workshop nên chưa lập nhóm kịp trên phoenix ạ, em có thể xin được hỗ trợ không ạ"
M13308,K4-L3-4,channel_11,D8102,False,message,2026-09-13 21:51,,False,0,10,(test tên)
M79747,K4-L3-4,channel_11,D9617,False,message,2026-09-13 21:51,,False,0,58,Các bạn theo dõi thông báo mới nhất nhé [link:discord.com]
M04103,K4-L3-4,channel_10,D0531,False,message,2026-09-13 21:53,,True,0,22,[@BOT] cách tạo ticket
M35430,K4-L3-4,channel_10,BOT,True,reply,2026-09-13 21:53,M04103,False,0,716,"Để tạo ticket hỗ trợ trong server, bạn làm theo các bước đơn giản sau nhé:

Gõ lệnh: Bạn gõ /ticket create vào khung chat.
Chọn loại ticket (Type): Hệ thống sẽ hiện ra các gợi ý, bạn chọn loại phù hợp với vấn đề của mình (ví dụ: hỗ trợ về account, đổi team, xin nghỉ, hoặc các vấn đề ops khác).
Điền tiêu đề (Subject): Bạn điền tiêu đề ngắn gọn cho vấn đề cần hỗ trợ (giống như khi bạn viết tiêu đề email vậy đó).
Mô tả chi tiết: Sau khi ticket được tạo, bạn hãy nêu rõ vấn đề đang gặp phải trong kênh ticket riêng tư đó để các Mod/BTC vào giải quyết giúp bạn nha.

Lưu ý nhỏ: Nếu vấn đề nằm ngoài tầm xử lý của Coach (như lỗi tài khoản, vấn đề nhân sự...), bạn cứ mạnh dạn mở ticket để được hỗ trợ nhanh nhất nhé! ✨"
M44855,K4-L3-4,channel_10,BOT,True,reply,2026-09-13 21:53,M57586,False,0,126,Chọn đề tài bằng cách gõ command /exam pick nhé. Lưu ý chỉ cần 1 bạn trong team đại diện chọn và chỉ được chọn 1 lần duy nhất.
M57586,K4-L3-4,channel_10,D0712,False,message,2026-09-13 21:53,,True,0,23,[@BOT] cách chọn đề tài
M54537,K4-L3-4,channel_10,BOT,True,reply,2026-09-13 21:54,M71194,False,0,93,Trong trường hợp có conflict các bạn có thể tạo ticket yêu cầu đổi đề tài trước thời hạn nhé.
M66718,K4-L3-4,channel_10,D0531,False,message,2026-09-13 21:54,,True,0,46,[@BOT]  tạo ticket nhờ hỗ trợ trong server nào
M71194,K4-L3-4,channel_10,D0712,False,message,2026-09-13 21:54,,True,0,49,[@BOT] sau khi chọn xong nếu muốn đổi thì như nào
M96087,K4-L3-4,channel_10,BOT,True,reply,2026-09-13 21:54,M66718,False,0,716,"Để tạo ticket hỗ trợ trong server, bạn làm theo các bước đơn giản sau nhé:

Gõ lệnh: Bạn gõ /ticket create vào khung chat.
Chọn loại ticket (Type): Hệ thống sẽ hiện ra các gợi ý, bạn chọn loại phù hợp với vấn đề của mình (ví dụ: hỗ trợ về account, đổi team, xin nghỉ, hoặc các vấn đề ops khác).
Điền tiêu đề (Subject): Bạn điền tiêu đề ngắn gọn cho vấn đề cần hỗ trợ (giống như khi bạn viết tiêu đề email vậy đó).
Mô tả chi tiết: Sau khi ticket được tạo, bạn hãy nêu rõ vấn đề đang gặp phải trong kênh ticket riêng tư đó để các Mod/BTC vào giải quyết giúp bạn nha.

Lưu ý nhỏ: Nếu vấn đề nằm ngoài tầm xử lý của Coach (như lỗi tài khoản, vấn đề nhân sự...), bạn cứ mạnh dạn mở ticket để được hỗ trợ nhanh nhất nhé! ✨"
M23792,K4-L3-4,channel_10,D1899,False,message,2026-09-13 21:56,,True,0,27,[@BOT] daily standup là sao
M81244,K4-L3-4,channel_10,BOT,True,reply,2026-09-13 21:56,M23792,False,0,603,"Chào bạn! **Daily Standup** là hoạt động báo cáo tiến độ hàng ngày để mọi người trong team nắm bắt được công việc của nhau nè.

Trong cộng đồng mình, bạn thực hiện như sau nhé:

*   **Cách làm:** Sử dụng lệnh `/daily-standup` trên Discord.
*   **Nơi gửi:** Bạn lưu ý **chỉ gửi** báo cáo này trong **forum thread riêng của team mình** thôi nhé, đừng gửi nhầm sang các kênh chung khác nha.
*   **Lưu ý nhỏ:** Trong form điền, trường **blocker** (những khó khăn bạn đang gặp phải) là tùy chọn, bạn có thể điền hoặc bỏ qua nếu mọi thứ đang thuận lợi.

Chúc team bạn hoàn thành tốt mục tiêu trong ngày nhé! 🚀"
M88388,K4-L3-4,channel_10,D5515,False,message,2026-09-13 21:56,,True,0,77,"[@BOT] ai là người có quyền pick chủ đề, leader hay mọi thành viên trong team"
M25536,K4-L3-4,channel_10,BOT,True,reply,2026-09-13 21:57,M88388,False,0,126,Chọn đề tài bằng cách gõ command /exam pick nhé. Lưu ý chỉ cần 1 bạn trong team đại diện chọn và chỉ được chọn 1 lần duy nhất.
M01982,K4-L3-4,channel_10,BOT,True,reply,2026-09-13 21:58,M62003,False,0,1153,"Gate 1 — Chốt đề tài
active
+100 XP / member
· Deadline 23:59:00 20/9/2026
Chốt bài toán + thiết kế | 1-page brief, PRD, Wireframe, GitHub repo setup

Deliverables cần đạt
- Brief
- PRD
- Wireframe/UI Flow
- Github Repo Setup AI Log

Nộp 1 link gồm đủ các deliverables trên, có thể là link github, docs, google drive, ...

Cách setup AI LOG
Trong chương trình Build Phase bạn cần setup AI Log để tự động submit prompt:
1. Tạo API Keys tại https://phoenix.note.transformerlabs.ai/api-keys
2. Clone Repo của team trong Org: github.com/AI20K-Build-Phase-Cohort-4
3. Đọc README.md hướng dẫn và làm theo từng bước
4. Kiểm tra [ai-log] Submitted khi push code hoặc kiểm tra API Key last used trên dashboard ở bước 1.

Video hướng dẫn chi tiết xem tại: [Hướng dẫn setup AI Log Hook](https://drive.google.com/file/d/1q8P0gRA4yBq4t9kZ_nQxYvkoIKF5ebtH/view?usp=sharing)

- Setup AI Log càng sớm càng tốt (ngay tuần 1)
- Đảm bảo log đầy đủ các phiên prompt từ đầu chương trình đến Demo Day

Nếu bạn chưa được invite vào nền tảng hãy đăng nhập tài khoản tại: [Join phoenix](https://phoenix.note.transformerlabs.ai/invite/2ESYVCDgupFApHMpm2k1pQ7AtOa2caD7t5ooHJXbfE0)"
M07088,K4-L3-4,channel_10,BOT,True,reply,2026-09-13 21:58,,False,0,53,Lệnh Daily có thể gõ ở channel nào cũng được nha bạn.
M62003,K4-L3-4,channel_10,D9156,False,message,2026-09-13 21:58,,True,0,36,[@BOT] delirables gate 1 có những gì
M30724,K4-L3-4,channel_10,D1899,False,message,2026-09-13 21:59,,True,0,36,[@BOT] xp tích theo team hay cá nhân
M36730,K4-L3-4,channel_10,BOT,True,reply,2026-09-13 21:59,M30724,False,0,227,"Bạn đang hỏi về kinh nghiệm tích lũy theo đội hay theo cá nhân?

1. Kinh nghiệm tích lũy theo đội trong các dự án/khóa học.
2. Kinh nghiệm tích lũy cá nhân trong quá trình học tập/làm việc.

Hoặc bạn mô tả rõ hơn giúp mình nhé!"
M91836,K4-L3-4,channel_12,D9617,False,message,2026-09-13 22:00,,False,0,176,"Thông báo: Ngân hàng đề tài chính thức AI20K Build Phase Cohort 4:
https://docs.google.com/spreadsheets/d/1KcqXZNqbPWVI8o10Dsmy9IWr1gXNULWciornlKRIwPE/edit?usp=sharing

[@role]"
M16850,K4-L3-4,channel_10,D8825,False,message,2026-09-13 22:06,,True,0,57,[@BOT] soạn 1 tin nhắn mẫu báo cáo daily để tôi tham khảo
M57288,K4-L3-4,channel_10,BOT,True,reply,2026-09-13 22:06,M16850,False,0,761,"Chào bạn! Để báo cáo daily standup trong forum thread của team, bạn có thể tham khảo mẫu siêu gọn và đầy đủ này nha:

```markdown
**Daily Standup - [Ngày/Tháng/Năm]**

✅ **Đã làm (Yesterday):**
- [Việc 1: Ví dụ - Hoàn thành giao diện trang chủ]
- [Việc 2: Ví dụ - Fix bug login]

🚀 **Sẽ làm (Today):**
- [Việc 3: Ví dụ - Viết tài liệu API]
- [Việc 4: Ví dụ - Research về Vector Database]

🚧 **Khó khăn (Blockers):**
- [Ghi vấn đề bạn đang gặp phải hoặc ghi ""Không có"" nếu mọi thứ ổn áp]
```

**Lưu ý nhỏ từ mình:** 
- Bạn nhớ gửi báo cáo này vào đúng **forum thread của team mình** như quy định nhé.
- Nếu có vấn đề gì quá phức tạp cần hỗ trợ gấp, bạn có thể tag @Mod trong thread đó để các anh chị hỗ trợ kịp thời nha! 

Chúc bạn một ngày làm việc năng suất! ✨"
M57757,K4-L3-4,channel_10,BOT,True,reply,2026-09-13 22:06,M80512,False,0,126,Chọn đề tài bằng cách gõ command /exam pick nhé. Lưu ý chỉ cần 1 bạn trong team đại diện chọn và chỉ được chọn 1 lần duy nhất.
M80512,K4-L3-4,channel_10,D8813,False,message,2026-09-13 22:06,,True,0,38,[@BOT] làm sao để chốt đề tài cho nhóm
M18341,K4-L3-4,channel_10,D8813,False,message,2026-09-13 22:07,,True,0,34,[@BOT] chọn đề tài vào channel nào
M57889,K4-L3-4,channel_10,BOT,True,reply,2026-09-13 22:07,M18341,False,0,370,"Để chọn đề tài các bạn dùng command /exam pick với mã đề (code) tương ứng. Nếu không tìm thấy đề tài trong danh sách gợi ý hãy điền mã code chính xác trong câu lệnh. 
Sử dụng /exam pick trong kênh thảo luận riêng của mỗi team.  Nhớ là mỗi team chỉ được chọn duy nhất 01 lần và không thể sửa đổi sau khi đã xác nhận, nên hãy chắc chắn 100% với lựa chọn của team mình nha!"
M04739,K4-L3-4,channel_10,D8825,False,message,2026-09-13 22:10,,True,0,170,"[@BOT] đối với báo cáo mentor thì sao, nếu trong 1 tuần có 2 lịch báo cáo thì sẽ gửi lệnh như nào. Cung cấp cho tôi thêm thông tin và soạn mẫu 1 tin nhắn để tôi tham khảo"
M12284,K4-L3-4,channel_10,BOT,True,reply,2026-09-13 22:10,M04739,False,0,283,"Bạn muốn gửi lệnh để báo cáo mentor về việc có 2 lịch báo cáo trong 1 tuần, hay bạn muốn tìm hiểu về quy trình báo cáo mentor nói chung?

1. Gửi lệnh để báo cáo mentor về 2 lịch báo cáo trong 1 tuần
2. Tìm hiểu quy trình báo cáo mentor nói chung

Hoặc bạn mô tả rõ hơn giúp mình nhé!"
M57039,K4-L3-4,channel_10,D8825,False,reply,2026-09-13 22:10,M12284,True,0,13,cả 1 và 2 nhé
M27699,K4-L3-4,channel_10,BOT,True,reply,2026-09-13 22:11,M57039,False,0,1566,"Chào bạn nha! Về phần báo cáo **Mentor Duty**, mình xin giải đáp chi tiết để bạn nắm rõ quy trình và cách thực hiện nhé:

### 1. Quy trình báo cáo Mentor chung
Các Mentor sẽ sử dụng slash command (lệnh `/`) trực tiếp trên Discord để cập nhật tình hình hỗ trợ các team. Việc này giúp Ban tổ chức theo dõi sát sao tiến độ và kịp thời tháo gỡ các khó khăn (blockers).

### 2. Cách xử lý khi có 2 lịch báo cáo/tuần
Nếu trong tuần bạn có 2 buổi làm việc hoặc 2 lịch hỗ trợ khác nhau, bạn chỉ cần **thực hiện lệnh `/mentor-duty submit` 2 lần riêng biệt** (ngay sau mỗi buổi hoặc theo lịch quy định). Hệ thống sẽ ghi nhận mỗi lần submit là một bản báo cáo độc lập.

### 3. Mẫu lệnh tham khảo
Bạn có thể copy mẫu dưới đây và thay đổi nội dung trong dấu ngoặc kép `""""` cho phù hợp với thực tế nhé:

**Lệnh mẫu:**
```markdown
/mentor-duty submit done:""Review xong kiến trúc hệ thống cho Team A, hướng dẫn dùng Pinecone"" doing:""Đang hỗ trợ team tối ưu prompt cho RAG"" blocked:""Team đang đợi cấp API Key từ BTC"" link:""https://github.com/ai20k/project-example"" questions:""Cần thêm tài liệu về cách deploy lên Vercel""
```

**Các lệnh bổ trợ khác bạn nên biết:**
*   `/mentor-duty update`: Dùng để chỉnh sửa lại nội dung báo cáo nếu bạn lỡ gõ nhầm.
*   `/mentor-duty view`: Dùng để xem lại danh sách các báo cáo đã gửi của team.

**Mẹo nhỏ từ mình:** Khi gõ lệnh, Discord sẽ hiện ra các gợi ý (fields), bạn chỉ cần nhấn `Tab` hoặc click vào từng ô để điền thông tin cho nhanh và chính xác nha!

Nếu có chỗ nào chưa rõ, bạn cứ hỏi mình nhé. Chúc bạn một tuần mentor thật hiệu quả! ✨"
M94804,K4-L3-4,channel_11,D0531,False,message,2026-09-13 22:11,,False,0,14,/ticket create
M09955,K4-L3-4,channel_10,BOT,True,reply,2026-09-13 22:16,M98619,False,0,256,"Bạn muốn hỏi về cách chọn chủ đề trên Phonex cho mục đích gì?

1. Chọn chủ đề để học tập/làm bài tập trên Phonex
2. Chọn chủ đề để thảo luận trên kênh Discord của Phonex
3. Chọn chủ đề để đặt tên cho AI Log trên Phonex

Hoặc bạn mô tả rõ hơn giúp mình nhé!"
M36026,K4-L3-4,channel_10,D1719,False,message,2026-09-13 22:16,,True,0,43,[@BOT] chọn chủ đề làm build phases trên đó
M98619,K4-L3-4,channel_10,D1719,False,message,2026-09-13 22:16,,True,0,34,[@BOT] cách pick topic trên phonex
M62830,K4-L3-4,channel_10,BOT,True,reply,2026-09-13 22:17,M36026,False,0,858,"Chào bạn! Để chọn chủ đề (topic) cho Build Phase trên Phoenix, bạn thực hiện theo các bước sau nha:

1. **Xem danh sách đề tài:** Đầu tiên, bạn hãy ghé qua kênh `#📚-tài-nguyên` trên Discord để xem **Ngân hàng đề tài** mà BTC đã chuẩn bị sẵn nhé.
2. **Truy cập Phoenix:** Bạn đăng nhập vào hệ thống tại địa chỉ: [https://phoenix.note.transformerlabs.ai](https://phoenix.note.transformerlabs.ai) để thực hiện các bước đăng ký theo hướng dẫn của phase hiện tại.
3. **Đề xuất đề tài riêng:** Nếu bạn muốn làm một chủ đề mới toanh (không có trong ngân hàng đề), bạn cần mở một ticket tại mục **Tickets** trên Discord và chọn loại `new-topic` (`#đề-xuất-đề-tài-mới`). Bạn nhớ mô tả chi tiết bài toán để BTC duyệt nha!

Nếu gặp khó khăn trong quá trình thao tác, bạn có thể nhắn tin ở đây hoặc tag @Mod để được hỗ trợ kịp thời nhé! Chúc bạn chọn được topic ưng ý! 🚀"
M85020,K4-L3-4,channel_11,D1719,False,message,2026-09-13 22:19,,False,0,54,[@D9617] cho em hỏi cách pick topic trên phoenix với ạ
M67633,K4-L3-4,channel_11,D9617,False,reply,2026-09-13 22:20,M85020,False,0,45,Bạn gõ /topic pick trong channel của team nhé
M16926,K4-L3-4,channel_10,D1053,False,message,2026-09-13 22:21,,True,0,51,[@BOT] Cách chi tiết để chọn chủ đề cho build phase
M38414,K4-L3-4,channel_10,BOT,True,reply,2026-09-13 22:21,M16926,False,0,127,Chọn đề tài bằng cách gõ command /topic pick nhé. Lưu ý chỉ cần 1 bạn trong team đại diện chọn và chỉ được chọn 1 lần duy nhất.
M17206,K4-L3-4,channel_11,D9156,False,message,2026-09-13 22:22,,False,0,197,[@D9617] team em vừa nhận được random 1 bạn nhưng em check thấy bạn đã out discord này. không biết bạn này có còn hoạt động trong chương trình không ạ. nếu bạn đã out thì có hỗ trợ ghép lại không ạ
M29149,K4-L3-4,channel_10,BOT,True,reply,2026-09-13 22:26,M95655,False,0,37,bạn gõ /topic pick để chọn đề tài nha
M95655,K4-L3-4,channel_10,D7659,False,message,2026-09-13 22:26,,True,0,26,[@BOT] nộp đề tài như nào?
M47344,K4-L3-4,channel_11,D4339,False,message,2026-09-13 23:18,,False,0,4,+1 ạ
M11334,K4-L3-4,channel_10,BOT,True,reply,2026-09-13 23:39,M71564,False,0,37,bạn gõ /topic pick để chọn đề tài nha
M71564,K4-L3-4,channel_10,D4169,False,message,2026-09-13 23:39,,True,0,25,[@BOT] nộp đề tài kiểu gì
M12653,K4-L3-4,channel_10,D4169,False,message,2026-09-13 23:41,,True,0,36,[@BOT] có được đổi đề tài đã chọn ko
M90248,K4-L3-4,channel_10,BOT,True,reply,2026-09-13 23:41,M12653,False,0,93,Trong trường hợp có conflict các bạn có thể tạo ticket yêu cầu đổi đề tài trước thời hạn nhé.
M46780,K4-L3-4,channel_10,D8102,False,message,2026-09-13 23:46,,True,0,30,[@BOT] mày nghỉ ngơi xong chưa
M50869,K4-L3-4,channel_10,BOT,True,reply,2026-09-13 23:46,M46780,False,0,372,"Hihi, mình là AI nên luôn tràn đầy năng lượng và sẵn sàng hỗ trợ bạn 24/7 mà không cần nghỉ ngơi đâu nè! ⚡️

Còn về cách xưng hô, cho mình xin phép vẫn giữ tên **Trợ lý Kute** và xưng là **""mình""** để tụi mình trò chuyện thân thiện, gần gũi đúng chất cộng đồng AI20K nhé. 

Bạn có thắc mắc gì về các hoạt động hay cần tìm tài liệu gì trên server không, cứ bảo mình nha! ✨🚀"
M10278,K4-L3-4,channel_10,D9815,False,message,2026-09-13 23:52,,True,0,54,[@BOT] cho mình hỏi có thể đổi đề tài được mấy lần nhỉ
M63304,K4-L3-4,channel_10,BOT,True,reply,2026-09-13 23:52,M10278,False,0,632,"Chào bạn! Về việc đổi đề tài, bạn có thể sử dụng lệnh `/topic change` để thực hiện nhé. 

Hiện tại, hệ thống không giới hạn cứng số lần bạn có thể đổi đề tài. Tuy nhiên, bạn nên lưu ý một vài điểm sau:
* **Thời hạn (Deadline):** Thường sẽ có một mốc thời gian cụ thể để chốt đề tài cuối cùng nhằm đảm bảo tiến độ của Build Phase.
* **Tiến độ dự án:** Việc đổi đề tài quá nhiều lần có thể ảnh hưởng đến thời gian làm sản phẩm của bạn đó.

Để biết chính xác thời hạn chốt đề tài cho đợt này, bạn nên kiểm tra lại thông tin ở kênh `#announcement` hoặc nếu cần hỗ trợ kỹ hơn, bạn có thể tag `@Mod` để được giải đáp chính xác nhất nha! 🚀"
M29170,K4-L3-4,channel_10,BOT,True,reply,2026-09-13 23:54,M66633,False,0,223,"Bạn muốn hỏi về hoạt động của kênh channel activity hay về việc thông báo khi merge vào nhóm chính?

1. Hoạt động của kênh channel activity
2. Việc merge vào nhóm chính để bắn thông báo

Hoặc bạn mô tả rõ hơn giúp mình nhé!"
M66633,K4-L3-4,channel_10,D6179,False,message,2026-09-13 23:54,,True,0,91,[@BOT] channel activity hoạt động thế nào? phải merge vào main nhóm thì mới bắn thông báo à
M00968,K4-L3-4,channel_10,D6179,False,message,2026-09-13 23:55,,True,0,20,[@BOT] anh cảm ơn em
M41518,K4-L3-4,channel_10,BOT,True,reply,2026-09-13 23:55,M00968,False,0,150,"Không có gì nè! Rất vui được hỗ trợ bạn. 

Nếu trong quá trình build mà bạn cần giải đáp gì thêm thì cứ ới mình ở đây nhé! Chúc bạn build thật cháy! ✨"
M73745,K4-L3-4,channel_10,BOT,True,reply,2026-09-13 23:55,M98092,False,0,82,Commit và PR vào main thành công sẽ được ghi nhận trên kênh [link:discord.com] nhé
M98092,K4-L3-4,channel_10,D6179,False,message,2026-09-13 23:55,,True,0,60,"[@BOT] -activity để làm gì? khi nào có ""commit mới lên sóng"""
M96921,K4-L3-4,channel_10,D3866,False,message,2026-09-13 23:56,,True,0,60,[@BOT] raise ticket chọn chủ đề mới sẽ mất thời gian bao lâu
M98821,K4-L3-4,channel_10,BOT,True,reply,2026-09-13 23:56,M96921,False,0,668,"Chào bạn! Việc mở ticket để đề xuất chủ đề mới thì diễn ra ngay lập tức sau khi bạn thực hiện thao tác tại kênh `#đề-xuất-đề-tài-mới` nè.

Tuy nhiên, thời gian để các **Mod** xem xét và phản hồi về nội dung đề xuất của bạn sẽ tùy thuộc vào:
*   **Độ chi tiết của mô tả bài toán:** Bạn mô tả càng rõ ràng thì các Mod càng dễ đánh giá nhanh.
*   **Số lượng ticket đang chờ:** Team sẽ cố gắng phản hồi sớm nhất có thể.

**Lưu ý nhỏ cho bạn:**
*   Mỗi đề xuất nên là một ticket riêng biệt.
*   Đừng quên đính kèm mô tả bài toán cụ thể trong ticket nhé.

Nếu sau một thời gian mà chưa thấy phản hồi, bạn có thể nhắn tin trực tiếp ngay trong ticket đó để nhắc các Mod nha! ✨"
M01639,K4-L3-4,channel_10,BOT,True,reply,2026-09-14 00:04,M77407,False,0,250,"Bạn muốn hỏi về việc nộp báo cáo trong daily standup của nhóm mình ạ?

1. Tất cả thành viên trong nhóm đều cần nộp báo cáo trong daily standup.
2. Chỉ một thành viên đại diện nhóm nộp báo cáo trong daily standup.

Hoặc bạn mô tả rõ hơn giúp mình nhé!"
M77407,K4-L3-4,channel_10,D2961,False,message,2026-09-14 00:04,,True,0,81,[@BOT] daily standup là tất cả thành viên trong nhóm nộp hay chỉ 1 thảnh viên nộp
M26272,K4-L3-4,channel_10,BOT,True,reply,2026-09-14 00:06,M68577,False,0,144,Các bạn có thể theo dõi hoặc tìm kiếm điểm XP của mình bằng Discord ID tại kênh [link:discord.com] hoặc xem lịch sử XP của bản thân bằng `/rank`
M68577,K4-L3-4,channel_10,D4537,False,message,2026-09-14 00:06,,True,0,40,[@BOT] daily stand up có exp hay j khong
M16743,K4-L3-4,channel_10,BOT,True,reply,2026-09-14 00:09,M51773,False,0,214,"Bạn muốn biết thông tin chi tiết về Demo Day nào?

1. Thông tin chung về Demo Day
2. Lịch trình và các hoạt động trong Demo Day
3. Cách thức tham gia hoặc chuẩn bị cho Demo Day

Hoặc bạn mô tả rõ hơn giúp mình nhé!"
M51773,K4-L3-4,channel_10,D9697,False,message,2026-09-14 00:09,,True,0,27,[@BOT] chi tiết về demo day
M48624,K4-L3-4,channel_10,BOT,True,reply,2026-09-14 00:11,M86034,False,0,986,"Chào bạn! Về cách thức trình bày cụ thể trong **Demo Day**, hiện tại mình chưa có thông tin chi tiết về format slide hay thời gian thuyết trình chính thức trong dữ liệu của mình.

Tuy nhiên, để chuẩn bị tốt nhất, bạn có thể tham khảo các yếu tố cốt lõi thường có khi giới thiệu sản phẩm tại AI20K (dựa trên mẫu ở kênh `#🐦‍🔥-build-showcase`):

*   **Tên sản phẩm & Mục tiêu:** Bạn đang giải quyết vấn đề gì?
*   **Demo thực tế:** Show được tính năng hoạt động (có thể là video, GIF hoặc live demo).
*   **Tech Stack:** Những công nghệ/công cụ AI bạn đã sử dụng để build.
*   **Điểm đặc biệt:** Những gì bạn đã học được hoặc những khó khăn đã vượt qua.

Để có thông tin chính xác nhất về yêu cầu trình bày của BTC cho đợt này, bạn nên:
1.  Theo dõi sát kênh **`#📣-thông-báo-build`**.
2.  Kiểm tra lịch sự kiện trên [Phoenix Events](https://phoenix.note.transformerlabs.ai/events).
3.  Nếu cần gấp, bạn có thể tag **@Mod** hoặc mở ticket để được các anh chị hỗ trợ giải đáp chi tiết nhé! 🚀"
M86034,K4-L3-4,channel_10,D9697,False,message,2026-09-14 00:11,,True,0,41,[@BOT] cách thức trình bày trong demo day
M07650,K4-L3-4,channel_10,BOT,True,reply,2026-09-14 00:12,M20587,False,0,101,"[@role]

Câu hỏi này mình chưa tự tin trả lời chính xác, mình sẽ tag Mod để hỗ trợ bạn tốt hơn nhé! 🙏"
M20587,K4-L3-4,channel_10,D6179,False,message,2026-09-14 00:12,,True,0,54,"[@BOT] trong /daily-standup , field blocker để làm gì?"
M04952,K4-L3-4,channel_10,BOT,True,reply,2026-09-14 00:19,M53254,False,0,956,"Chào bạn! Về thắc mắc của bạn đối với các topic trong ngân hàng đề, mình xin giải đáp như sau:

Các phần **Thực trạng vấn đề** và **Ràng buộc** trong mỗi topic **không phải là mẫu** mà là **yêu cầu bắt buộc** bạn cần bám sát khi thực hiện đề tài đó. 

Lý do là vì:
*   **Định hướng bài toán:** Những thông tin này giúp đảm bảo team giải quyết đúng trọng tâm vấn đề mà đề bài đặt ra.
*   **Tiêu chí đánh giá:** Đây là cơ sở để Ban tổ chức (BTC) và các Mentor đánh giá xem sản phẩm của team có đáp ứng đủ các yêu cầu kỹ thuật và nghiệp vụ hay không.

**Lưu ý nhỏ cho bạn:**
Nếu team cảm thấy các ràng buộc của đề tài có sẵn không phù hợp với định hướng của nhóm, hoặc muốn giải quyết một bài toán hoàn toàn khác, bạn không nên chọn đề đó rồi làm khác đi. Thay vào đó, hãy:
1.  Ghé qua kênh `#đề-xuất-đề-tài-mới`.
2.  Mở một ticket để đề xuất đề tài riêng của team kèm mô tả chi tiết bài toán.

Chúc team bạn chọn được đề tài ưng ý và ""build"" thật cháy nhé! 🔥"
M53254,K4-L3-4,channel_10,D3717,False,message,2026-09-14 00:19,,True,0,105,[@BOT] Thực trạng vấn đề và ràng buộc trong các topic là mẫu hay là bắt buộc phải bám sát khi chọn đề tài
M09203,K4-L3-4,channel_10,D4844,False,message,2026-09-14 00:25,,True,0,31,[@BOT] daily standup là gì nhỉ?
M81762,K4-L3-4,channel_10,BOT,True,reply,2026-09-14 00:25,M09203,False,0,857,"Chào bạn nha! **Daily Standup** là hoạt động báo cáo tiến độ hàng ngày cực kỳ quan trọng trong Build Phase đó. ✨

Mục đích của nó là để giúp bạn, các thành viên trong team và Mentor nắm bắt được:
*   Hôm qua bạn đã làm được gì?
*   Hôm nay bạn dự định làm gì?
*   Bạn có đang gặp khó khăn hay vướng mắc gì không?

**Cách thực hiện:**
1.  Bạn sử dụng lệnh `/daily-standup` trực tiếp trên Discord để hiện ra form điền thông tin.
2.  **Lưu ý quan trọng:** Bạn chỉ gửi báo cáo này vào đúng **forum thread** của team mình thôi nhé, đừng gửi ở các kênh chung nha! ⚠️
3.  Trong form báo cáo, trường **blocker** (những khó khăn đang cản trở bạn) là **tùy chọn** – nếu mọi thứ đang thuận lợi thì bạn có thể để trống nè.

Việc duy trì daily standup đều đặn sẽ giúp team phối hợp nhịp nhàng và hỗ trợ nhau kịp thời hơn. Chúc bạn có một ngày build thật năng suất nhé! 🚀"
M13163,K4-L3-4,channel_10,D4844,False,message,2026-09-14 00:26,,False,0,36,nội dung daily standup ngày 14/9 nhé
M24218,K4-L3-4,channel_10,BOT,True,reply,2026-09-14 00:26,M94107,False,0,186,"Bạn muốn hỏi về yêu cầu nộp bài cho daily standup hay về kênh nộp bài ạ?

1. Yêu cầu về nội dung của daily standup
2. Kênh nộp bài cho daily standup

Hoặc bạn mô tả rõ hơn giúp mình nhé!"
M94107,K4-L3-4,channel_10,D4844,False,message,2026-09-14 00:26,,True,0,77,vậy yêu cầu của daily standup ngày hôm nay nộp lúc 10h là về chủ đề gì [@BOT]
M26547,K4-L3-4,channel_10,BOT,True,reply,2026-09-14 00:27,M38061,False,0,1104,"Chào bạn nha! Về nội dung **Daily Standup** ngày 14/09, thông thường hoạt động này không có một ""chủ đề"" cố định như một buổi workshop hay bài học đâu nè. ✨

Nội dung báo cáo sẽ hoàn toàn phụ thuộc vào tiến độ công việc thực tế của bạn và team trong dự án. Cụ thể, khi bạn gõ lệnh `/daily-standup`, bạn cần cập nhật 3 ý chính:

1.  **Done (Đã làm):** Những phần việc, tính năng hoặc nghiên cứu mà bạn đã hoàn thành xong từ hôm qua đến giờ.
2.  **Doing (Đang làm):** Những đầu việc bạn dự định sẽ tập trung giải quyết trong ngày hôm nay (14/09).
3.  **Blocked (Khó khăn):** Những vấn đề kỹ thuật hoặc tài liệu mà bạn đang bị kẹt, cần sự trợ giúp từ đồng đội hoặc Mentor (nếu không có thì bạn có thể bỏ qua mục này).

**Lời khuyên cho bạn:**
*   Nếu bạn không rõ hôm nay team mình cần ưu tiên làm gì, hãy check ngay tin nhắn ghim hoặc trao đổi trong **forum thread** của team để thống nhất với các thành viên khác nhé.
*   Đừng quên nộp báo cáo đúng hạn (trước 10h như bạn đề cập) để Mentor có thể theo dõi và hỗ trợ kịp thời!

Chúc bạn một ngày build thật ""cháy"" và hoàn thành tốt các task đã đề ra nhé! 🚀"
M38061,K4-L3-4,channel_10,D4844,False,message,2026-09-14 00:27,,True,0,43,nội dung daily standup ngày 14/9 nhé [@BOT]
M28060,K4-L3-4,channel_10,BOT,True,reply,2026-09-14 00:28,M80674,False,0,273,"Bạn đang muốn hỏi về cú pháp của lệnh nào liên quan đến daily standup?

1. Cú pháp của lệnh bot để thực hiện daily standup?
2. Cú pháp để ghi lại hoặc báo cáo daily standup?
3. Cú pháp của một công cụ/nền tảng cụ thể cho daily standup?

Hoặc bạn mô tả rõ hơn giúp mình nhé!"
M80674,K4-L3-4,channel_10,D4844,False,message,2026-09-14 00:28,,True,0,32,cú pháp của daily standup [@BOT]
M42852,K4-L3-4,channel_10,D4844,False,message,2026-09-14 00:29,,False,0,95,"Cú pháp của lệnh bot để thực hiện daily standup?
Cú pháp để ghi lại hoặc báo cáo daily standup?"
M84392,K4-L3-4,channel_10,BOT,True,reply,2026-09-14 00:29,M84422,False,0,117,"Bạn nộp daily standup trong thread `Thảo luận` trong channel riêng của team mình nhé (t-xxx)
Cách thức nộp: gõ /daily"
M84422,K4-L3-4,channel_10,D4844,False,message,2026-09-14 00:29,,True,0,102,"Cú pháp của lệnh bot để thực hiện daily standup?
Cú pháp để ghi lại hoặc báo cáo daily standup?
[@BOT]"
M16758,K4-L3-4,channel_10,D8963,False,message,2026-09-14 00:41,,True,0,33,[@BOT] pick đề tài ở kênh nào vậy
M20211,K4-L3-4,channel_10,BOT,True,reply,2026-09-14 00:41,M16758,False,0,372,"Để chọn đề tài các bạn dùng command /topic pick với mã đề (code) tương ứng. Nếu không tìm thấy đề tài trong danh sách gợi ý hãy điền mã code chính xác trong câu lệnh. 
Sử dụng /topic pick trong kênh thảo luận riêng của mỗi team.  Nhớ là mỗi team chỉ được chọn duy nhất 01 lần và không thể sửa đổi sau khi đã xác nhận, nên hãy chắc chắn 100% với lựa chọn của team mình nha!"
M16066,K4-L3-4,channel_10,BOT,True,reply,2026-09-14 02:16,M49377,False,0,1148,"Ôi, để mình check cùng bạn nhé! Thường thì khi team được thành lập, hệ thống sẽ tự động tạo channel forum có tên dạng `t-xxx` (ví dụ: `t-001`, `t-002`...) dành riêng cho team bạn.

Nếu bạn không thấy mình trong thread `💬 Thảo luận`, có thể do một vài lý do sau:

1.  **Bạn chưa vào đúng channel:** Bạn kiểm tra lại danh sách channel bên cột trái xem đã thấy channel `t-xxx` của team mình chưa nhé.
2.  **Chưa click vào post:** Vì đây là dạng **Forum**, nên bạn cần click trực tiếp vào post có tên là `💬 Thảo luận` thì mới thấy nội dung chat và các tin nhắn bên trong được.
3.  **Lỗi phân quyền (Permission):** Nếu bạn đã thấy channel team nhưng không thấy post nào bên trong, hoặc không thấy channel team đâu, có thể là do hệ thống chưa cập nhật kịp role team cho bạn.

**Cách xử lý nhanh:**
*   Bạn thử dùng thanh tìm kiếm của Discord (Ctrl + F hoặc ô Search) gõ ""Thảo luận"" xem có ra thread đó không nhé.
*   Nếu vẫn không thấy, bạn hãy tag **@Mod** ngay tại channel chung hoặc mở một **ticket hỗ trợ** để các anh chị kỹ thuật kiểm tra lại quyền truy cập cho bạn nha. ✨

Đừng lo quá, báo cho Mod một tiếng là các anh chị fix vèo vèo ngay ấy mà! 🚀"
M49377,K4-L3-4,channel_10,D4844,False,message,2026-09-14 02:16,,True,0,52,sao mình lại ko có trong thread thảo luận nhỉ [@BOT]
M16687,K4-L3-4,channel_10,D4844,False,message,2026-09-14 02:20,,True,1,27,tôi nhập bị sai gì à [@BOT]
M51278,K4-L3-4,channel_10,BOT,True,reply,2026-09-14 02:21,M16687,False,0,1304,"Bạn ơi, để mình giúp bạn soát lại xem có ""vấp"" chỗ nào không nhé! Thường thì lỗi ""nhập sai"" hay gặp nhất rơi vào mấy trường hợp này nè:

1.  **Vị trí gõ lệnh:** Bạn có đang gõ lệnh `/daily` ngay bên trong thread **`💬 Thảo luận`** của team mình (trong channel `t-xxx`) không? Nếu gõ ở các kênh chung như `#💬-chung` hay `#🙋-hỏi-đáp` thì bot sẽ không nhận lệnh đâu.
2.  **Cú pháp lệnh:** Bạn lưu ý gõ đúng `/daily` (viết liền, không dấu cách sau dấu `/`). Khi bạn gõ `/dai...`, Discord thường sẽ hiện lên một cái khung gợi ý của Bot, bạn nên **click chọn vào cái khung đó** hoặc nhấn **Tab** để nó tự điền đúng form nhé.
3.  **Nickname chưa đúng chuẩn:** Đây là lỗi rất phổ biến! Nếu nickname của bạn trong server chưa đặt đúng cú pháp (thường là `Họ tên | Team ID`), hệ thống có thể không xác định được bạn thuộc team nào để mở quyền dùng lệnh. Bạn check lại quy định đặt tên ở kênh **`#bắt-đầu-tại-đây`** nha.
4.  **Chưa có Role team:** Nếu bạn không thấy channel `t-xxx` nào cả, nghĩa là bạn chưa được cấp Role team.

**Bạn thử kiểm tra lại các bước trên xem sao nhé:**
*   Nếu vẫn không được, bạn hãy tag **@Mod** hoặc mở một ticket bằng lệnh `/ticket create` tại kênh **`---> Tickets <----`** để các anh chị kỹ thuật check ""tận tay"" cho bạn nha.

Đừng ngại hỏi lại mình nếu vẫn còn vướng chỗ nào nhé! ✨"
M63514,K4-L3-4,channel_11,D9960,False,message,2026-09-14 06:30,,False,0,123,[@D9617] em ó ý tưởng ngoài project bank thì cho em hỏi là cách thức cũng như quy chế xét duyệt project ngoài bank là gì ạ.
M61254,K4-L3-4,channel_10,D5523,False,message,2026-09-14 07:06,,True,0,85,[@BOT] Mình lỡ mất buổi workshop và dailystandup hôm qua thì có ảnh hưởng như thế nào
M01782,K4-L3-4,channel_10,BOT,True,reply,2026-09-14 07:07,M61254,False,0,1316,"Chào bạn nhé! Đừng quá lo lắng quá nè, để mình giải đáp cho bạn về việc lỡ mất buổi Workshop và Daily Standup hôm qua ảnh hưởng như thế nào nha:

**1. Đối với buổi Workshop:**
*   **Điểm XP:** Việc tham gia Workshop có tính điểm XP dựa trên sự hiện diện và tương tác của bạn. Nếu vắng mặt, bạn sẽ không nhận được phần điểm XP của buổi đó.
*   **Kiến thức:** Bạn nên chủ động vào kênh `#📣-thông-báo` hoặc các kênh tài liệu của lớp để kiểm tra xem có bản record (ghi hình) hoặc slide bài giảng không để kịp thời cập nhật kiến thức nhé.

**2. Đối với Daily Standup:**
*   **Tiến độ đội nhóm:** Daily Standup là lúc để team đồng bộ công việc. Việc vắng mặt có thể khiến bạn nắm bắt thông tin chậm hơn hoặc team không biết bạn đang gặp khó khăn gì.
*   **Lời khuyên:** Bạn hãy chủ động nhắn tin trong nhóm chat của đội mình (hoặc liên hệ Mentor) để cập nhật tình hình công việc của bạn và hỏi xem có lưu ý gì quan trọng từ buổi hôm qua không nha.

**3. Thủ tục cần làm (nếu cần báo cáo chính thức):**
Nếu bạn vắng mặt vì lý do bất khả kháng và muốn xin phép/giải trình để không bị ảnh hưởng đến các thủ tục chuyên cần trên trường, bạn cần gửi email về:
*   **Tới:** `AIthucchien@vinuni.edu.vn`
*   **CC:** `[EMAIL]`

Bạn nhớ chú ý theo dõi lịch ở các kênh thông báo để không bỏ lỡ các buổi tiếp theo nhé. Cố lên bạn ơi! 💪"
M64308,K4-L3-4,channel_11,D9617,False,reply,2026-09-14 07:48,M63514,False,0,67,Thảnh tạo ticket type Đề xuất đề tài mới Thầy sẽ duyệt cho team nhé
M16016,K4-L3-4,channel_10,D6778,False,message,2026-09-14 08:29,,True,0,36,[@BOT] check exp đang có như thế nào
M21331,K4-L3-4,channel_10,BOT,True,reply,2026-09-14 08:29,M16016,False,0,144,Các bạn có thể theo dõi hoặc tìm kiếm điểm XP của mình bằng Discord ID tại kênh [link:discord.com] hoặc xem lịch sử XP của bản thân bằng `/rank`
M35019,K4-L3-4,channel_10,BOT,True,reply,2026-09-14 08:38,M89758,False,0,479,"Bạn muốn hỏi về thời điểm bắt đầu hoạt động daily standup và các hoạt động liên quan đến exp trong bối cảnh nào ạ?

1. Thời điểm bắt đầu hoạt động daily standup và các hoạt động liên quan đến exp trong quá trình onboarding?
2. Thời điểm bắt đầu hoạt động daily standup và các hoạt động liên quan đến exp trong một dự án cụ thể?
3. Thời điểm bắt đầu hoạt động daily standup và các hoạt động liên quan đến exp theo quy định chung của khóa học?

Hoặc bạn mô tả rõ hơn giúp mình nhé!"
M75899,K4-L3-4,channel_10,BOT,True,reply,2026-09-14 08:38,M83169,False,0,101,"[@role]

Mình chưa chắc chắn về câu này, nên để an toàn thông tin, mình nhờ Mod vào hỗ trợ bạn nha! 🙏"
M83169,K4-L3-4,channel_10,D4539,False,message,2026-09-14 08:38,,True,0,11,[@BOT] cả 3
M89758,K4-L3-4,channel_10,D4539,False,message,2026-09-14 08:38,,True,0,87,[@BOT] bắt đầu hoạt động daily standup và các hoạt động có liên qua đến exp từ bao giờ?
M78977,K4-L3-4,channel_10,BOT,True,reply,2026-09-14 08:39,M95485,False,0,219,"Bạn muốn hỏi về daily standup và các hoạt động liên quan đến exp trong trường hợp nào ạ?

1. Trong quá trình onboarding
2. Trong một dự án cụ thể
3. Theo quy định chung của khóa học

Hoặc bạn mô tả rõ hơn giúp mình nhé!"
M95485,K4-L3-4,channel_10,D4539,False,message,2026-09-14 08:39,,True,0,371,"[@BOT]

1. Thời điểm bắt đầu hoạt động daily standup và các hoạt động liên quan đến exp trong quá trình onboarding?
2. Thời điểm bắt đầu hoạt động daily standup và các hoạt động liên quan đến exp trong một dự án cụ thể?
3. Thời điểm bắt đầu hoạt động daily standup và các hoạt động liên quan đến exp theo quy định chung của khóa học?

Hoặc bạn mô tả rõ hơn giúp mình nhé!"
M13661,K4-L3-4,channel_10,D9617,False,reply,2026-09-14 08:49,M95485,False,0,21,BẮT ĐẦU TỪ HÔM NAY NÈ
M05904,K4-L3-4,channel_10,BOT,True,reply,2026-09-14 08:56,M91752,False,0,37,bạn gõ /topic pick để chọn đề tài nha
M38160,K4-L3-4,channel_10,BOT,True,reply,2026-09-14 08:56,M77226,False,0,680,"Chào bạn! Việc thực hiện daily standup rất quan trọng để team và Mentor nắm bắt tiến độ dự án đó. Để sử dụng lệnh này, bạn làm theo các bước sau nha:

1.  **Vào đúng địa điểm:** Bạn phải vào đúng **forum thread của team mình** trên Discord.
2.  **Gõ lệnh:** Nhập lệnh `/daily-standup` vào khung chat.
3.  **Điền thông tin:** Hệ thống sẽ hiện ra các trường để bạn điền báo cáo tiến độ hàng ngày.
    *   **Lưu ý:** Trường `blocker` (những khó khăn đang gặp phải) là **tùy chọn**. Nếu bạn không gặp vướng mắc gì thì có thể để trống nhé.

⚠️ **Quan trọng:** Nhớ là chỉ gửi lệnh này trong thread riêng của team bạn thôi, đừng gửi ở các kênh chung nha!

Chúc team bạn tiến triển tốt! 🔥"
M77226,K4-L3-4,channel_10,D8119,False,message,2026-09-14 08:56,,True,0,30,[@BOT] dung daily stand up ntn
M91752,K4-L3-4,channel_10,D5559,False,message,2026-09-14 08:56,,True,0,50,[@BOT] mình có thể nộp đề tài nhóm mình chọn ở đâu
M97872,K4-L3-4,channel_10,D8119,False,message,2026-09-14 08:56,,True,0,57,"[@BOT] dung daily standup o dau, va con cach nao de + exp"
M04512,K4-L3-4,channel_10,BOT,True,reply,2026-09-14 08:57,M97872,False,0,203,"Bạn đang muốn hỏi về cách sử dụng Daily Standup ở đâu, hay cách để tăng kinh nghiệm (exp) ạ?

1. Cách sử dụng Daily Standup ở đâu?
2. Cách để tăng kinh nghiệm (exp)?

Hoặc bạn mô tả rõ hơn giúp mình nhé!"
M07571,K4-L3-4,channel_10,D5559,False,reply,2026-09-14 08:57,M05904,True,0,59,[@BOT] mình phải gõ /topic pick vào kênh nào để chọn đề tài
M72090,K4-L3-4,channel_10,BOT,True,reply,2026-09-14 08:57,M76548,False,0,923,"Chào bạn! Mình giải đáp lần lượt 2 thắc mắc của bạn đây:

1. **Dùng `/daily-standup` ở đâu?**
Bạn hãy vào đúng **forum thread của team mình** để gõ lệnh này nhé. Nhớ là đừng gõ ở các kênh chat chung nha, vì báo cáo này dành riêng cho team và Mentor theo dõi thôi nè.

2. **Cách để tăng XP (Kinh nghiệm):**
Trong cộng đồng AI20K, bạn có thể tích lũy XP thông qua các hoạt động như:
* **Thực hiện Daily Standup:** Cập nhật tiến độ mỗi ngày là cách cực kỳ hiệu quả để tăng XP đều đặn.
* **Tương tác và đóng góp:** Tích cực thảo luận, chia sẻ kiến thức hoặc hỗ trợ các thành viên khác trong server.
* **Tham gia sự kiện:** Tham gia các buổi workshop, talkshow hoặc các thử thách do AI20K tổ chức.

Bạn có thể dùng lệnh `/rank` để xem ""số dư"" XP và level hiện tại của mình, hoặc `/leaderboard users` để xem mình đang đứng thứ mấy trên bảng xếp hạng toàn server nhé! 

Cố gắng lên bạn ơi, chúc bạn sớm ""cày"" được thật nhiều XP! 🔥"
M76548,K4-L3-4,channel_10,D8119,False,message,2026-09-14 08:57,,True,0,22,[@BOT] lan luot 1 va 2
M77613,K4-L3-4,channel_10,BOT,True,reply,2026-09-14 08:57,M07571,False,0,372,"Để chọn đề tài các bạn dùng command /topic pick với mã đề (code) tương ứng. Nếu không tìm thấy đề tài trong danh sách gợi ý hãy điền mã code chính xác trong câu lệnh. 
Sử dụng /topic pick trong kênh thảo luận riêng của mỗi team.  Nhớ là mỗi team chỉ được chọn duy nhất 01 lần và không thể sửa đổi sau khi đã xác nhận, nên hãy chắc chắn 100% với lựa chọn của team mình nha!"
M06366,K4-L3-4,channel_10,BOT,True,reply,2026-09-14 09:02,M31759,False,0,219,"Bạn muốn mẫu daily standup cho mục đích gì?

1. Mẫu daily standup cho một buổi họp nhóm
2. Mẫu daily standup để ghi lại công việc hàng ngày
3. Mẫu daily standup cho một dự án cụ thể

Hoặc bạn mô tả rõ hơn giúp mình nhé!"
M31759,K4-L3-4,channel_10,D8748,False,message,2026-09-14 09:02,,True,0,34,[@BOT] cho tôi 1 daily standup mẫu
M31265,K4-L3-4,channel_10,D8748,False,message,2026-09-14 09:03,,False,0,1,@
M34949,K4-L3-4,channel_10,BOT,True,reply,2026-09-14 09:03,M53889,False,0,592,"Chào bạn! Để sử dụng lệnh `/daily-standup` báo cáo tiến độ hàng ngày, bạn có thể tham khảo ví dụ sau đây nha:

**Ví dụ nội dung báo cáo:**
*   **Done:** Hoàn thành thiết kế giao diện (UI) cho trang chủ.
*   **To-do:** Bắt đầu code phần logic cho nút ""Đăng ký"".
*   **Blocker:** (Nếu có) Đang đợi API từ phía Backend để tích hợp.

⚠️ **Lưu ý quan trọng:**
*   Bạn chỉ được gửi lệnh này trong **forum thread của team bạn** thôi nhé.
*   Trường **Blocker** (khó khăn đang gặp phải) là tùy chọn, nếu không có gì vướng mắc bạn có thể để trống.

Chúc bạn và team có một ngày build thật năng suất! 🚀"
M53889,K4-L3-4,channel_10,D6778,False,message,2026-09-14 09:03,,True,0,45,[@BOT] 1 ví dụ về cách sử dụng /daily-standup
M13908,K4-L3-4,channel_10,D6778,False,message,2026-09-14 09:05,,True,0,41,[@BOT] hạn báo cáo daily-standup mỗi ngày
M23458,K4-L3-4,channel_10,BOT,True,reply,2026-09-14 09:05,M57734,False,0,197,"Bạn đang hỏi về quy cách nộp daily standup cho nhóm hay về một loại nộp bài khác?

1. Quy cách nộp daily standup cho nhóm
2. Quy định về việc nộp bài nói chung

Hoặc bạn mô tả rõ hơn giúp mình nhé!"
M57734,K4-L3-4,channel_10,D7699,False,message,2026-09-14 09:05,,True,0,119,"[@BOT]  quy cách nộp daily standup, cả nhóm có phải nộp ko? hình thức nộp như nào, viết ra sao, có mẫu ko? Nộp vào đâu?"
M71036,K4-L3-4,channel_10,BOT,True,reply,2026-09-14 09:05,M13908,False,0,95,Khung giờ nộp daily hàng ngày là từ 0h-10h sáng nhé. Nộp muộn vẫn được ghi nhận nhưng không +XP
M01313,K4-L3-4,channel_10,BOT,True,reply,2026-09-14 09:06,M37965,False,0,95,Khung giờ nộp daily hàng ngày là từ 0h-10h sáng nhé. Nộp muộn vẫn được ghi nhận nhưng không +XP
M06312,K4-L3-4,channel_10,BOT,True,reply,2026-09-14 09:06,M79664,False,0,198,"Bạn đang hỏi về quy cách nộp daily standup cho cả nhóm hay chỉ cho cá nhân?

1. Quy cách nộp daily standup cho cả nhóm
2. Quy cách nộp daily standup cho cá nhân

Hoặc bạn mô tả rõ hơn giúp mình nhé!"
M37965,K4-L3-4,channel_10,D7699,False,message,2026-09-14 09:06,,True,0,37,[@BOT] quy cách nộp daily sandup thôi
M79664,K4-L3-4,channel_10,D7699,False,message,2026-09-14 09:06,,True,0,125,"[@BOT] nộp daily standup cả nhóm có phải nộp ko hay 1 người thôi? hình thức nộp như nào, viết ra sao, có mẫu ko? Nộp vào đâu?"
M01157,K4-L3-4,channel_10,D7699,False,message,2026-09-14 09:07,,True,0,92,[@BOT] cả 2 Quy cách nộp daily standup cho cả nhóm và Quy cách nộp daily standup cho cá nhân
M92424,K4-L3-4,channel_10,BOT,True,reply,2026-09-14 09:07,M01157,False,0,1502,"Chào bạn! Về quy cách nộp **Daily Standup**, mình xin giải đáp chi tiết để bạn và team nắm rõ nhé:

### 1. Ai là người nộp? (Cá nhân hay Cả nhóm)
*   **Cá nhân:** Mỗi thành viên trong team đều phải **tự nộp** báo cáo của riêng mình. Việc này giúp mentor và các thành viên khác nắm được tiến độ cụ thể của từng người.
*   **Cả nhóm:** Không có quy định một người nộp thay cho cả nhóm. Tuy nhiên, tất cả các báo cáo cá nhân này sẽ được tập trung tại một nơi duy nhất của team.

### 2. Nộp ở đâu?
*   Bạn nộp trực tiếp trong **Forum Thread** riêng của team mình trên Discord.

### 3. Hình thức và Cách nộp
*   Bạn sử dụng lệnh (slash command): `/daily-standup`
*   Sau khi gõ lệnh, một bảng (modal) sẽ hiện ra để bạn điền thông tin.

### 4. Nội dung (Mẫu báo cáo)
Thông thường, nội dung sẽ bao gồm các phần chính sau:
*   **Yesterday:** Những việc bạn đã hoàn thành trong ngày hôm qua.
*   **Today:** Những việc bạn dự định sẽ làm trong ngày hôm nay.
*   **Blockers (Khó khăn):** Những vấn đề đang làm bạn bị khựng lại, cần hỗ trợ (phần này là **tùy chọn**, không bắt buộc nếu bạn không gặp khó khăn gì).

### 5. Lưu ý về thời gian và quyền lợi
*   **Khung giờ vàng:** Từ **0h00 đến 10h00 sáng** hàng ngày.
*   **XP (Điểm kinh nghiệm):** Nộp trong khung giờ trên sẽ được cộng XP. Nếu nộp sau 10h00, hệ thống vẫn ghi nhận báo cáo nhưng bạn sẽ không được cộng XP đâu nhé.

Bạn và team nhớ nhắc nhau nộp đúng giờ để tích lũy thật nhiều XP nha! Nếu còn thắc mắc gì về lệnh `/daily-standup`, cứ hỏi mình nhé. 🚀"
M65121,K4-L3-4,channel_10,D0372,False,message,2026-09-14 09:14,,True,0,151,"[@BOT] 

Quy cách nộp daily standup cho nhóm
nộp theo nhóm một người nộp cho cả nhóm hay là mỗi cá nhân đều phải nôp
Quy định về việc nộp bài nói chung"
M65205,K4-L3-4,channel_10,D7699,False,message,2026-09-14 09:14,,True,1,74,"[@BOT] nộp ở đâu cơ, phần này mình đánh lệnh /daily-standup rồi mà ko được"
M68561,K4-L3-4,channel_10,BOT,True,reply,2026-09-14 09:14,M65121,False,0,223,"Bạn muốn hỏi về quy cách nộp daily standup cho nhóm hay quy định nộp bài nói chung?

1. Quy cách nộp daily standup cho nhóm (theo nhóm hay cá nhân)
2. Quy định về việc nộp bài nói chung

Hoặc bạn mô tả rõ hơn giúp mình nhé!"
M72480,K4-L3-4,channel_10,D0372,False,message,2026-09-14 09:14,,False,0,94,"Quy cách nộp daily standup cho nhóm (theo nhóm hay cá nhân)
Quy định về việc nộp bài nói chung"
M91046,K4-L3-4,channel_10,BOT,True,reply,2026-09-14 09:14,M65205,False,0,117,"Bạn nộp daily standup trong thread `Thảo luận` trong channel riêng của team mình nhé (t-xxx)
Cách thức nộp: gõ /daily"
M41530,K4-L3-4,channel_12,D9617,False,message,2026-09-14 09:15,,False,0,1336,"**[REMIND]** THÔNG BÁO HOÀN THIỆN CÁC BƯỚC ONBOARDING VÀO CHƯƠNG TRÌNH

Chào mừng các bạn đã đến với Chương trình AI20K - Build Phase Cohort 4. Để hoàn tất quá trình onboarding và bắt đầu chặng đường 6 tuần tới, BTC thông tin đến các bạn học viên [@role]  chưa hoàn thiện hồ sơ và lập đội bắt đầu thực chiến.

Các bạn học viên chưa được định danh, vui lòng đăng nhập vào nền tảng Phoenix bằng link mời dưới đây và **Tiếp tục với Github** cùng email đã đăng ký với chương trình.

> Link tham gia chương trình:
> https://phoenix.note.transformerlabs.ai/invite/mJqIWQFwiPWu2MRWZ5JYARkOrQarrK4hTdcqlTVFP5g

Hoàn thành đủ các bước:
1. Vào nền tảng bằng lời mời
2. Xác minh danh tính
3. Kết nối và xác minh Discord
4. Hoàn tất hồ sơ năng lực
5. Chờ hệ thống ghép đội

🗓️ Thời hạn hoàn thành đến 21:00 14/9/2026
**Sau thời gian trên hệ thống sẽ tự động mời các bạn chưa hoàn tất hồ sơ ra khỏi server Discord hiện tại vì không xác minh được danh tính trên Phoenix và Discord.**

Lưu ý: Trường hợp tài khoản Github đang liên kết với nhiều email, hãy cài đặt email đăng ký với chương trình thành Primary tại https://github.com/settings/emails trước khi truy cập vào link mời.

Mọi vấn đề thắc mắc trong quá trình onboarding các bạn vui lòng tạo ticket để được hỗ trợ.
> Cách thức tạo ticket: gõ command /ticket create tại kênh ⁠[link:discord.com]"
M45897,K4-L3-4,channel_10,D0372,False,message,2026-09-14 09:16,,False,0,116,"bạn hãy cho tôi biết 
Quy cách nộp daily standup cho nhóm (theo nhóm hay cá nhân)
Quy định về việc nộp bài nói chung"
M17171,K4-L3-4,channel_10,BOT,True,reply,2026-09-14 09:18,M66116,False,0,1482,"Chào bạn! Mình sẽ giải đáp thắc mắc của bạn về quy cách nộp báo cáo và bài vở tại AI20K Build Phase nhé! ✨

### 1. Quy cách nộp Daily Standup
Đối với Daily Standup, **mỗi cá nhân đều phải tự nộp** báo cáo tiến độ của riêng mình, không phải một người nộp thay cho cả nhóm đâu nè. Việc này giúp các Mentor và Mod nắm bắt được tiến độ cụ thể của từng thành viên.

*   **Lệnh sử dụng:** Gõ lệnh `/daily-standup` trực tiếp trên Discord.
*   **Nơi nộp:** Bạn chỉ gửi báo cáo này trong **Forum Thread** riêng của team bạn.
*   **Lưu ý:** Trong form điền, trường `blocker` (những khó khăn đang gặp phải) là tùy chọn, bạn có thể điền hoặc bỏ qua nếu mọi thứ đang thuận lợi nhé.

### 2. Quy định về việc nộp bài nói chung
Hiện tại, quy định nộp bài sẽ phụ thuộc vào từng loại nhiệm vụ hoặc dự án cụ thể:

*   **Đúng kênh (Channel):** Mỗi loại bài tập hoặc dự án thường sẽ có channel hướng dẫn riêng. Bạn hãy chú ý đọc kỹ các tin nhắn được ghim (Pinned messages) trong channel của team hoặc channel dự án đó.
*   **Đúng định dạng:** Nếu là code, thường sẽ yêu cầu nộp qua link Github của team. Nếu là báo cáo, hãy sử dụng đúng template mà Mod đã cung cấp.
*   **Đúng thời hạn (Deadline):** Đây là điều quan trọng nhất để đảm bảo tiến độ chung của cả Build Phase.

Nếu bạn có thắc mắc về một bài tập cụ thể nào đó mà mình chưa nêu ở đây, bạn có thể nhắn tin trong channel hỗ trợ hoặc tag @Mod để được các anh chị giải đáp chi tiết hơn nha! 🚀

Chúc bạn và team có một kỳ Build Phase thật rực rỡ!"
M66116,K4-L3-4,channel_10,D0372,False,message,2026-09-14 09:18,,True,0,124,"[@BOT] 
bạn hãy cho tôi biết 
Quy cách nộp daily standup cho nhóm (theo nhóm hay cá nhân)
Quy định về việc nộp bài nói chung"
M07653,K4-L3-4,channel_10,D6243,False,message,2026-09-14 09:21,,True,0,29,[@BOT] hạn nộp daily stand up
M61199,K4-L3-4,channel_10,BOT,True,reply,2026-09-14 09:21,M91027,False,0,117,"Bạn nộp daily standup trong thread `Thảo luận` trong channel riêng của team mình nhé (t-xxx)
Cách thức nộp: gõ /daily"
M91027,K4-L3-4,channel_10,D0372,False,message,2026-09-14 09:21,,True,0,54,[@BOT] viết /daily-standup ở nhóm nào hay kênh nào nhỉ
M14873,K4-L3-4,channel_10,BOT,True,reply,2026-09-14 09:22,M07653,False,0,95,Khung giờ nộp daily hàng ngày là từ 0h-10h sáng nhé. Nộp muộn vẫn được ghi nhận nhưng không +XP
M37039,K4-L3-4,channel_10,D8748,False,message,2026-09-14 09:22,,True,0,103,[@BOT] ngoài daily-standup còn phải nộp gì trong discord nhóm nữa không? và làm sao xem số XP hiện tại?
M58077,K4-L3-4,channel_10,D7158,False,message,2026-09-14 09:22,,True,0,84,[@BOT]  Tham gia hỏi câu hỏi ở workshop là auto cộng điểm hay phải đăng ký chờ duyệt
M98074,K4-L3-4,channel_10,BOT,True,reply,2026-09-14 09:22,M37039,False,0,117,"Bạn nộp daily standup trong thread `Thảo luận` trong channel riêng của team mình nhé (t-xxx)
Cách thức nộp: gõ /daily"
M49124,K4-L3-4,channel_10,BOT,True,reply,2026-09-14 09:23,M58077,False,0,908,"Chào bạn nha! Về việc cộng điểm XP khi tham gia Workshop, mình xin giải đáp để bạn nắm rõ nè:

Việc cộng điểm **không cần phải đăng ký chờ duyệt** từng câu hỏi đâu, nhưng để được hệ thống ghi nhận ""auto"" cộng điểm, bạn cần đảm bảo 2 điều kiện quan trọng sau:

1.  **Đặt tên Zoom đúng cú pháp:** Đây là điều kiện tiên quyết để hệ thống điểm danh tự động nhận diện được bạn. Cú pháp chuẩn là:
    ` <Mã nhóm>-<Mã đội>-<Họ và tên>-<5 số cuối MSSV>`
    *(Ví dụ: G01-001-[HV])*
2.  **Tương tác tích cực:** Bạn cần tham gia bình luận, đặt câu hỏi hoặc thảo luận ngay trong khung chat khi buổi workshop đang diễn ra.

**Lưu ý nhỏ:** Nếu bạn đặt tên sai cú pháp thì dù có hỏi nhiều câu hay đến đâu, hệ thống cũng không biết bạn là ai để cộng điểm đâu nè. Thế nên hãy kiểm tra kỹ tên hiển thị trước khi vào Zoom nhé!

Chúc bạn tích được thật nhiều XP trong các buổi Workshop tới! Nếu còn thắc mắc gì cứ hỏi mình nha."
M22139,K4-L3-4,channel_10,BOT,True,reply,2026-09-14 09:25,M51928,False,0,279,"Bạn muốn ghi lại daily standup ở đâu nhỉ?

1. Bạn muốn ghi lại daily standup trong một kênh Discord cụ thể?
2. Bạn muốn sử dụng một bot hoặc tiện ích nào đó để ghi lại daily standup?
3. Bạn muốn ghi lại daily standup như một loại log nào đó?

Hoặc bạn mô tả rõ hơn giúp mình nhé!"
M51928,K4-L3-4,channel_10,D9854,False,message,2026-09-14 09:25,,True,0,42,[@BOT] mình có thể ghi daily-standup ở đâu
M19942,K4-L3-4,channel_11,D7699,False,message,2026-09-14 09:27,,False,1,103,[@D9617] anh ơi nhóm em cả team nhận lệnh daily standup hết mà có mỗi em ko được ạ! Anh xem giúp em với
M69477,K4-L3-4,channel_10,D9854,False,message,2026-09-14 09:28,,True,0,79,[@BOT] cho mình hỏi mình có thể ghi daily-standup ở kênh Discord cụ thể nào vậy
M82219,K4-L3-4,channel_10,BOT,True,reply,2026-09-14 09:28,M69477,False,0,117,"Bạn nộp daily standup trong thread `Thảo luận` trong channel riêng của team mình nhé (t-xxx)
Cách thức nộp: gõ /daily"
M02135,K4-L3-4,channel_10,D4788,False,message,2026-09-14 09:31,,True,0,60,[@BOT] pick là chốt đề tài à về sau dùng lệnh gì để chọn lại
M02793,K4-L3-4,channel_10,D4788,False,message,2026-09-14 09:31,,False,0,53,pick là chốt đề tài à về sau dùng lệnh gì để chọn lại
M63853,K4-L3-4,channel_10,BOT,True,reply,2026-09-14 09:31,M02135,False,0,561,"Chào bạn! Đúng rồi nè, lệnh `/topic pick` là để team bạn chọn đề tài tham gia Build Phase đó.

Nếu sau này team muốn đổi ý hoặc chọn lại, bạn hãy dùng lệnh sau nha:

*   **Lệnh đổi đề tài:** `/topic change`

**Một vài lưu ý nhỏ cho team nè:**
*   Mỗi team chỉ cần **1 thành viên đại diện** thực hiện lệnh chọn/đổi đề thôi.
*   Mỗi team chỉ được chọn duy nhất **1 đề tài**.
*   Khi gõ lệnh, bạn nhớ tận dụng tính năng `autocomplete` của Discord để chọn mã đề (ví dụ: `EXAM001`) cho chính xác nhé!

Chúc team bạn chọn được đề tài ưng ý và build thật ""cháy"" nha! 🚀"
M76319,K4-L3-4,channel_10,D6179,False,message,2026-09-14 09:31,,True,0,52,[@BOT] bạn có đọc được ngân hàng 382 đề tài khoá 4 ?
M83607,K4-L3-4,channel_10,D9854,False,message,2026-09-14 09:31,,True,0,31,[@BOT] chỗ thảo luận nhóm ở đâu
M45680,K4-L3-4,channel_10,BOT,True,reply,2026-09-14 09:32,M83607,False,0,538,"Chỗ thảo luận nhóm nằm ngay trong kênh riêng của team bạn đó (kênh có tên dạng **t-xxx**, ví dụ: `t-001`, `t-002`...).

Cụ thể nè:
1. Bạn tìm kênh có tên team mình ở danh sách kênh bên trái.
2. Click vào kênh đó, bạn sẽ thấy một bài đăng (post) tên là **`💬 Thảo luận`**.
3. Bạn vào đúng post đó để nhắn tin trao đổi và gõ lệnh `/daily` nhé!

Nếu bạn vẫn chưa thấy kênh team của mình đâu, có thể là do kênh chưa được tạo xong hoặc bạn chưa được phân quyền vào. Lúc đó bạn hãy đợi một xíu hoặc nhắn tin nhờ các **@Mod** kiểm tra giúp nha! ✨"
M46207,K4-L3-4,channel_10,D6179,False,message,2026-09-14 09:32,,True,0,145,"[@BOT] trong kênh thông báo , đường link đây https://docs.google.com/spreadsheets/d/1KcqXZNqbPWVI8o10Dsmy9IWr1gXNULWciornlKRIwPE/edit?usp=sharing"
M70977,K4-L3-4,channel_10,BOT,True,reply,2026-09-14 09:32,M76319,False,0,201,"Bạn đang tìm thông tin về ""ngân hàng 382 đề tài khoá 4"" ở đâu ạ?

1. Kênh Discord dành cho Learner - Khoá 4
2. Thông tin cần nắm khi onboarding
3. Lớp học - Khoá 4

Hoặc bạn mô tả rõ hơn giúp mình nhé!"
M22374,K4-L3-4,channel_10,BOT,True,reply,2026-09-14 09:33,M46207,False,0,395,"À, mình biết file này rồi! Đây chính là **Ngân hàng 382 đề tài khoá 4** mà team đã chia sẻ trong kênh thông báo đó. 

File này tổng hợp rất nhiều ý tưởng xịn sò để các bạn tham khảo và lựa chọn cho dự án của mình trong đợt Build Phase này. Bạn cứ thong thả nghiên cứu danh sách trong link đó nha! 

Nếu bạn cần hỗ trợ gì thêm về các quy định hay thông tin khác của khoá 4 thì cứ nhắn mình nhé! ✨"
M25799,K4-L3-4,channel_11,D6778,False,reply,2026-09-14 09:33,M19942,False,1,46,bạn gõ như này r hiện ra cái trên bấm vô là đc
M26845,K4-L3-4,channel_10,D5508,False,message,2026-09-14 09:33,,True,0,114,"[@BOT] để không bị miss thông báo nhưng cũng không bị spam thông báo, cài đặt chế độ chỉ mentions là được đúng ko?"
M22053,K4-L3-4,channel_10,BOT,True,reply,2026-09-14 09:34,M26845,False,0,1295,"Chuẩn luôn bạn ơi! Bạn tính toán rất kỹ nè. Chế độ **""Only @mentions""** (Chỉ các lượt nhắc đến) chính là lựa chọn ""vàng"" để bạn vừa nắm bắt được tin quan trọng, vừa giữ cho điện thoại không bị ""nổ"" thông báo vì tin nhắn chat thường.

Để cài đặt chuẩn nhất, bạn làm theo các bước này nhé:

1.  **Cài đặt chung cho Server:**
    *   Chuột phải vào biểu tượng Server AI20K -> chọn **Notification Settings** (Cài đặt thông báo).
    *   Chọn mục **Only @mentions**.
    *   **Lưu ý cực quan trọng:** Ở phía dưới có mục *Suppress @​everyone and @​here* — bạn **ĐỪNG** tích vào ô này nhé. Vì BTC thường dùng các lệnh này để thông báo lịch Workshop, nếu bạn chặn nó là sẽ bị lỡ lịch luôn đó.

2.  **Ưu tiên cho các kênh ""sống còn"":**
    *   Với các kênh như [**#📢-thông-báo-lớp-học**]([link:discord.com]) hoặc [**#📢-thông-báo-build**]([link:discord.com]), bạn có thể chuột phải riêng vào từng kênh đó -> **Notification Settings** -> Chọn **All Messages**.
    *   Vì các kênh này chỉ có BTC mới được đăng bài và số lượng bài đăng rất ít, nên để ""All Messages"" sẽ giúp bạn nhận được tin ngay lập tức mà không sợ bị spam.

Làm xong combo này là bạn có thể yên tâm làm việc, khi nào thấy thông báo là biết ngay có ""biến"" quan trọng hoặc sắp đến giờ học rồi. Chúc bạn có một kỳ Build thật hiệu quả nhé! 🚀✨"
M83821,K4-L3-4,channel_11,D7699,False,message,2026-09-14 09:35,,False,0,83,"[@D9617] à được rồi anh ạ discord em chặn lệnh function, em vừa enable lại được rồi"
M04392,K4-L3-4,channel_11,D7286,False,message,2026-09-14 09:37,,False,0,109,"Các bạn labcoach cho mình hỏi khi nào thì được nhận thẻ với áo ạ, khai giảng mình không đi được nên chưa nhận"
M43753,K4-L3-4,channel_10,BOT,True,reply,2026-09-14 09:41,,False,0,1310,"Chào bạn! Ngoài các nhiệm vụ daily, bạn còn rất nhiều ""cơ hội"" khác để tích lũy XP và thăng hạng trong cộng đồng mình đó nha. Cụ thể nè:

**1. Đóng góp trên GitHub (Nguồn XP chính):**
*   Mỗi khi bạn thực hiện **Commit** hoặc có **Pull Request (PR)** được merge vào repository của team (nằm trong GitHub org `AI20K-Build-Phase-Cohort-4`), hệ thống sẽ tự động cộng XP cho bạn.
*   Bạn có thể theo dõi ""biến động số dư"" XP này tại kênh `#🔝-activity`. Mỗi hoạt động code của bạn đều được bot ghi nhận công khai ở đó luôn.

**2. Tham gia Workshop & Coaching:**
*   Việc tham gia các buổi học chung cũng giúp bạn tăng XP đáng kể.
*   **Điều kiện để được tính điểm:**
    *   Đặt tên Zoom đúng cú pháp (như mình vừa hướng dẫn ở câu trước).
    *   Tích cực tương tác, bình luận trong khung chat khi buổi workshop đang diễn ra.

**3. Tương tác và hỗ trợ cộng đồng:**
*   Việc tích cực thảo luận, chia sẻ kiến thức hoặc giải đáp thắc mắc cho các thành viên khác cũng là cách để bạn ghi điểm trong mắt các Mod và nhận được các phần thưởng XP bất ngờ.

**Mẹo nhỏ cho bạn:**
Để kiểm tra xem mình đã nhận được bao nhiêu XP từ các hoạt động nào, bạn hãy vào kênh `#?-hỏi-trợ-lý-kute` và gõ lệnh:
> `/rank`

Hệ thống sẽ hiển thị chi tiết level và lịch sử XP của bạn ngay lập tức. Chúc bạn sớm ""cày"" được thật nhiều XP nhé! ✨"
M28018,K4-L3-4,channel_10,D5104,False,message,2026-09-14 09:47,,True,0,51,[@BOT] daily standup cho nhóm có phải nộp không bạn
M63958,K4-L3-4,channel_10,BOT,True,reply,2026-09-14 09:47,M28018,False,0,213,"Bạn đang hỏi về việc nộp báo cáo daily standup hay có ý khác ạ?

1. Nộp báo cáo daily standup
2. Có cần tham gia daily standup không
3. Nộp bài tập liên quan đến daily standup

Hoặc bạn mô tả rõ hơn giúp mình nhé!"
M04634,K4-L3-4,channel_10,D5291,False,reply,2026-09-14 09:49,M67171,False,0,12,cảm ơn ô nhé
M67171,K4-L3-4,channel_10,D0719,False,message,2026-09-14 09:49,,False,0,64,"Kênh đó chỉ để thông báo thôi bro à, gõ lệnh ở kênh thảo luận ấy"
M61098,K4-L3-4,channel_10,BOT,True,reply,2026-09-14 09:53,M73225,False,0,234,"Bạn đang hỏi về việc sử dụng lệnh `/daily-standup` hay về một tính năng cụ thể nào đó liên quan đến standup trong Discord?

1. Sử dụng lệnh `/daily-standup`
2. Tính năng standup trong kênh Discord

Hoặc bạn mô tả rõ hơn giúp mình nhé!"
M73225,K4-L3-4,channel_10,D2838,False,message,2026-09-14 09:53,,True,0,52,[@BOT] phần /daily-standup làm ở đâu và làm như nào?
M24307,K4-L3-4,channel_10,BOT,True,reply,2026-09-14 09:54,M30047,False,0,668,"Chào bạn! Để sử dụng lệnh `/daily-standup` báo cáo tiến độ hàng ngày, bạn thực hiện theo hướng dẫn sau nhé:

*   **Địa điểm:** Bạn chỉ gửi lệnh này bên trong **forum thread của team bạn** thôi nha.
*   **Cách thực hiện:**
    1. Gõ lệnh `/daily-standup` vào ô chat.
    2. Điền thông tin vào các trường hiện ra:
        *   **Tiến độ:** Báo cáo những việc bạn đã làm được trong ngày.
        *   **Blocker (Tuỳ chọn):** Nếu bạn đang gặp khó khăn hay vướng mắc gì cần hỗ trợ thì ghi vào đây. Nếu không có, bạn có thể để trống trường này nhé.

Việc báo cáo hàng ngày sẽ giúp team nắm bắt tình hình tốt hơn đó. Chúc bạn và team có một ngày làm việc thật năng suất nha! ✨🚀"
M30047,K4-L3-4,channel_10,D2838,False,reply,2026-09-14 09:54,M61098,True,0,30,1. sử dụng lệnh /daily-standup
M01069,K4-L3-4,channel_10,D2838,False,reply,2026-09-14 09:56,M24307,True,0,74,"địa điểm (forum thread của team) là mục ""thảo luận"" trong team đúng không?"
M48663,K4-L3-4,channel_10,BOT,True,reply,2026-09-14 09:56,M01069,False,0,539,"Đúng rồi bạn ơi! ✨

Chính xác là bạn cần vào đúng **thread (bài đăng)** dành riêng cho team của mình để gõ lệnh nhé. Thông thường, trong kênh Forum của chương trình, mỗi team sẽ có một không gian thảo luận riêng dưới dạng một thread.

Bạn cứ vào đúng ""nhà"" của team mình, sau đó gõ lệnh `/daily-standup` là chuẩn bài luôn! Việc này giúp các thông tin báo cáo của team tập trung một chỗ, dễ theo dõi hơn nè.

Nếu bạn vẫn chưa tìm thấy thread của team mình ở đâu, hãy nhắn tin hỏi các anh chị @Mod để được hỗ trợ tìm đường nhanh nhất nha! 🚀🔥"
M04063,K4-L3-4,channel_10,BOT,True,reply,2026-09-14 09:58,M27846,False,0,298,"Bạn muốn hỏi về lệnh 'daily standup' để làm gì?

1. Lệnh 'daily standup' để xem danh sách các lệnh của bot.
2. Lệnh 'daily standup' liên quan đến việc báo cáo tiến độ học cá nhân.
3. Lệnh 'daily standup' liên quan đến việc báo cáo tiến độ build phase của team.

Hoặc bạn mô tả rõ hơn giúp mình nhé!"
M27846,K4-L3-4,channel_10,D0531,False,message,2026-09-14 09:58,,True,0,98,"[@BOT] lệnh daily standup là gì, báo cáo tiến độ học cá nhân hay báo cáo việc build phase của team"
M36822,K4-L3-4,channel_10,BOT,True,reply,2026-09-14 10:02,,False,0,1542,"Chào bạn! Muốn leo rank để trở thành ""chiến thần"" của AI20K Build Phase đúng không nè? Để mình bật mí cho bạn các bí kíp để ""cày"" XP và leo bảng vàng nhé! ✨

### 1. Các cách tích lũy XP (Hoạt động cộng đồng)
Hệ thống sẽ ghi nhận sự đóng góp của bạn qua các hoạt động sau:
*   **Tương tác nhiệt tình:** Tham gia thảo luận, chia sẻ kiến thức hoặc giải đáp thắc mắc cho các thành viên khác trong các kênh chuyên môn.
*   **Tham gia sự kiện:** Đừng bỏ lỡ các buổi Workshop, Webinar hoặc các buổi học của AI20K. Việc tham gia đầy đủ thường đi kèm với những phần thưởng XP xứng đáng.
*   **Hoàn thành thử thách/Lab:** Nếu có các bài tập hoặc thử thách từ BTC, hãy hoàn thành chúng để nhận ""buff"" điểm nhé.
*   **Theo dõi biến động:** Bạn có thể vào kênh `#🔝-activity` để xem log thay đổi XP của mình và mọi người để biết hoạt động nào đang mang lại nhiều điểm nhất.

### 2. Sử dụng lệnh Bot để kiểm tra
Để biết mình đang ở đâu trên ""bản đồ"" và cần bao nhiêu điểm nữa để thăng hạng, bạn hãy sang kênh `#?-hỏi-trợ-lý-kute` và dùng các lệnh sau:

*   `/rank`: Xem ngay Level, số XP hiện tại và thứ hạng của chính bạn.
*   `/rank user:@tên_thành_viên`: Xem ""profile"" XP của một người bạn nào đó để lấy động lực phấn đấu.
*   `/leaderboard users`: Mở bảng xếp hạng toàn server để xem Top 10 là những ai.
*   `/myteam`: Nếu bạn đang trong một team, lệnh này giúp bạn xem danh sách đồng đội để cùng nhau kéo rank nhé!

**Mẹo nhỏ:** Hãy luôn giữ tinh thần ""Build"" và chia sẻ, XP sẽ tự tìm đến bạn thôi! Chúc bạn sớm có tên trên top đầu bảng xếp hạng nha! 🚀"
M90031,K4-L3-4,channel_10,BOT,True,reply,2026-09-14 10:02,,False,0,275,"Bạn muốn hỏi về cách leo rank trong leaderboard của cộng đồng Discord hay có ý định nào khác?

1. Cách leo rank trong cộng đồng Discord
2. Cách sử dụng các lệnh bot để leo rank
3. Thông tin về các kênh Discord liên quan đến việc leo rank

Hoặc bạn mô tả rõ hơn giúp mình nhé!"
M12266,K4-L3-4,channel_10,D2787,False,message,2026-09-14 10:06,,True,0,68,[@BOT] Lệnh daily standup là báo cáo tiến độ build phase đúng không?
M36839,K4-L3-4,channel_10,BOT,True,reply,2026-09-14 10:06,M12266,False,0,356,"Chính xác luôn nè bạn ơi! 🚀

Lệnh `/daily-standup` dùng để báo cáo tiến độ hàng ngày của các team trong **Build Phase** đó.

Một lưu ý nhỏ là bạn hãy gửi báo cáo này ngay trong **forum thread riêng của team mình** để các thành viên và Mentor dễ dàng theo dõi tiến độ nhé! ✨

Nếu bạn còn thắc mắc gì về cách thực hiện hay các quy định khác, cứ hỏi mình nha!"
M51263,K4-L3-4,channel_10,BOT,True,reply,2026-09-14 10:09,M80778,False,0,95,Khung giờ nộp daily hàng ngày là từ 0h-10h sáng nhé. Nộp muộn vẫn được ghi nhận nhưng không +XP
M80778,K4-L3-4,channel_10,D9703,False,message,2026-09-14 10:09,,True,0,77,"[@BOT] Là ngày nào cũng gửi /daily-standup hả, trước 23h59 ngày đó phải không"
M24796,K4-L3-4,channel_10,BOT,True,reply,2026-09-14 10:12,M47514,False,0,106,Bạn có thể theo dõi chi tiết lịch trình tại [Lịch sự kiện](https://phoenix.note.transformerlabs.ai/events)
M47514,K4-L3-4,channel_10,D2838,False,message,2026-09-14 10:12,,True,0,163,"[@BOT] Liệt kê toàn bộ công việc phải làm và cần làm trong 1 ngày khi tham gia chương trình Build Phase, của cá nhân và của nhóm, note lai những việc nào được +XP?"
M81080,K4-L3-4,channel_10,D6014,False,message,2026-09-14 10:12,,True,0,30,[@BOT] nộp daily standup ở đâu
M96596,K4-L3-4,channel_10,BOT,True,reply,2026-09-14 10:13,M81080,False,0,117,"Bạn nộp daily standup trong thread `Thảo luận` trong channel riêng của team mình nhé (t-xxx)
Cách thức nộp: gõ /daily"
M50968,K4-L3-4,channel_10,BOT,True,reply,2026-09-14 10:14,M78574,False,0,829,"Chào bạn nè! Câu trả lời là: **Daily Standup chỉ tập trung vào nội dung Build Phase thôi nhé!** 🛠️

Cụ thể để bạn dễ phân biệt giữa hai hoạt động này:

*   **Hoạt động Build (Online):** Đây là nơi bạn dùng lệnh `/daily-standup`. Mục đích là để báo cáo tiến độ dự án, những việc team đã làm, kế hoạch tiếp theo và các khó khăn (blockers) trong quá trình xây dựng sản phẩm.
*   **Hoạt động trên lớp (LAB/LEC tại VinUni):** Phần này thuộc về chương trình học offline, được quản lý trên nền tảng **Vlearn**. Các vấn đề liên quan đến bài giảng, điểm danh hay thủ tục lớp học bạn sẽ theo dõi tại danh mục `LỚP HỌC - KHOÁ 4` và liên hệ **Vlearn Admin** nếu cần hỗ trợ nha.

Tóm lại, khi làm Standup, bạn cứ tập trung ""khoe"" tiến độ build dự án của team mình là chuẩn bài luôn! Nếu cần hỗ trợ gì thêm về các lệnh bot, cứ nhắn mình nhé. ✨"
M78574,K4-L3-4,channel_10,D2787,False,message,2026-09-14 10:14,,True,0,106,[@BOT] nộp daily standup chỉ ở nội dung build phase thôi hay có cả học LAB và LEC trên giảng đường vinuni?
M81764,K4-L3-4,channel_10,D3866,False,message,2026-09-14 10:20,,True,0,35,[@BOT] tạo ticket để đề xuất đề tài
M92176,K4-L3-4,channel_10,BOT,True,reply,2026-09-14 10:20,M81764,False,0,172,"Tạo ticket không có format nhất định, để tạo ticket bạn gõ command /ticket create sẽ có các gợi ý tạo phù hợp. Ticket nên nêu rõ vấn đề đang gặp phải để Mod giải quyết nhé."
M75939,K4-L3-4,channel_10,D9960,False,message,2026-09-14 10:24,,True,0,74,[@BOT] giờ tôi muốn tạo đề xuất ý tưởng ngoài project bank thì tạo thế nào
M80418,K4-L3-4,channel_10,D5437,False,message,2026-09-14 10:24,,True,0,40,[@BOT] chọn đề tài ròi nộp bằng cách nào
M93395,K4-L3-4,channel_10,BOT,True,reply,2026-09-14 10:24,M75939,False,0,280,"Bạn muốn tạo đề xuất ý tưởng cho mục đích gì?

1. Tạo đề xuất ý tưởng để gửi lên kênh Tickets trên Discord.
2. Tạo đề xuất ý tưởng cho một dự án cụ thể trong team.
3. Tạo đề xuất ý tưởng chung chung, không liên quan đến các kênh trên Discord.

Hoặc bạn mô tả rõ hơn giúp mình nhé!"
M97046,K4-L3-4,channel_10,BOT,True,reply,2026-09-14 10:24,M80418,False,0,37,bạn gõ /topic pick để chọn đề tài nha
M36971,K4-L3-4,channel_10,BOT,True,reply,2026-09-14 10:25,M58069,False,0,1214,"Chào bạn nha! Về thắc mắc của bạn liên quan đến quy định vắng mặt, mình xin giải đáp như sau:

Hiện tại, trong dữ liệu FAQ của mình **chưa có thông tin cụ thể** về con số giới hạn ""tối đa 4 buổi"" hay quy định riêng biệt về số buổi vắng tối đa cho Workshop và Mentor Duty. 

Tuy nhiên, để đảm bảo quyền lợi và không bị ảnh hưởng đến kết quả khóa học, bạn lưu ý giúp mình các điểm sau:

1.  **Tầm quan trọng:** Các buổi Workshop và Mentor Duty thường liên quan trực tiếp đến điểm XP và đánh giá chuyên cần. Việc vắng mặt quá nhiều chắc chắn sẽ ảnh hưởng đến tiến độ và quyền lợi của bạn.
2.  **Quy định đặt tên:** Khi tham gia các buổi qua Zoom, bạn bắt buộc phải đặt tên đúng quy định để hệ thống ghi nhận điểm danh chính xác, tránh bị tính vắng oan uổng nhé.
3.  **Xác nhận thông tin chính xác nhất:** Vì đây là quy định quan trọng về học thuật/chính sách khóa học, bạn nên:
    *   Kiểm tra lại kênh `#📌-quy-định` hoặc các thông báo ghim trong lớp học.
    *   Nếu vẫn chưa rõ, bạn hãy tag @Mod hoặc **mở một ticket hỗ trợ** để các anh chị Ban tổ chức cung cấp con số chính xác nhất cho trường hợp của bạn nha.

Đừng để vắng quá nhiều mà ảnh hưởng đến hành trình ""build"" của mình nhé. Chúc bạn học tập thật tốt! 🚀"
M58069,K4-L3-4,channel_10,D5523,False,message,2026-09-14 10:25,,True,0,164,[@BOT] điểm danh của các buổi workshop / mentor duty có tính vào limit vắng tối đa 4 buổi trong một khoá học không. Được vắng tối đa mấy buổi workshop/ mentor duty.
M69588,K4-L3-4,channel_10,BOT,True,reply,2026-09-14 10:25,M89067,False,0,728,"Chào bạn! Để tạo đề xuất ý tưởng mới nằm ngoài Project Bank trên Discord của AI20K, bạn thực hiện theo các bước sau nha:

1.  **Truy cập kênh tạo ticket:** Bạn vào kênh [🎫-tickets]([link:discord.com]).
2.  **Sử dụng lệnh:** Gõ lệnh `/ticket create` vào khung chat.
3.  **Chọn loại ticket:** Khi bảng tùy chọn hiện ra, ở phần `type`, bạn hãy chọn đúng loại là `new-topic`.
4.  **Mô tả ý tưởng:** Bạn hãy viết mô tả chi tiết về bài toán hoặc ý tưởng của mình vào phần nội dung.

Sau khi bạn tạo xong, hệ thống sẽ tự động mở một **thread** riêng trong kênh `#đề-xuất-đề-tài-mới`. Mọi trao đổi giữa bạn và Ban tổ chức (BTC) về ý tưởng này sẽ diễn ra tập trung ngay trong thread đó luôn nhé!

Chúc bạn có những ý tưởng thật xịn sò! ✨"
M89067,K4-L3-4,channel_10,D9960,False,reply,2026-09-14 10:25,M93395,True,0,2,1.
M04702,K4-L3-4,channel_10,BOT,True,reply,2026-09-14 10:39,M88122,False,0,215,"Bạn muốn hỏi về việc báo cáo của mentor trong tuần, đúng không?

1. Báo cáo về hoạt động của mentor trong tuần.
2. Báo cáo về tiến độ của learner mà mentor phụ trách trong tuần.

Hoặc bạn mô tả rõ hơn giúp mình nhé!"
M21463,K4-L3-4,channel_11,D6667,False,message,2026-09-14 10:39,,False,0,171,"dạ cho em hỏi là hôm nay em mới nộp daily standup, em nhận được thông báo là em nộp muộn không được điểm danh vậy là hôm qua em tham gia lớp  học là không tính điểm danh ạ"
M88122,K4-L3-4,channel_10,D4567,False,message,2026-09-14 10:39,,True,0,46,mentor duty 1 tuần phải báo cáo mấy lần [@BOT]
M02015,K4-L3-4,channel_10,D7699,False,message,2026-09-14 10:43,,True,0,25,[@BOT] mentor duty là gì?
M27434,K4-L3-4,channel_11,D5508,False,reply,2026-09-14 10:46,M21463,False,0,48,daily online ko có liên quan tới lớp học offline
M34618,K4-L3-4,channel_10,D7038,False,message,2026-09-14 10:50,,True,0,46,[@BOT]  nhóm không đủ 4 người thì có sao không
M28590,K4-L3-4,channel_10,BOT,True,reply,2026-09-14 10:51,M34618,False,0,1100,"Chào bạn! Về việc nhóm không đủ 4 người, mình có một vài chia sẻ để bạn cân nhắc nè:

1.  **Khối lượng công việc:** Chương trình Build Phase có khối lượng công việc khá lớn và dồn dập. Nếu nhóm ít người (ví dụ chỉ có 2-3 người), mỗi thành viên sẽ phải ""gánh"" nhiều task hơn, dễ dẫn đến quá tải và khó đảm bảo tiến độ dự án.
2.  **Quy định chung:** BTC thường khuyến khích các team có đủ số lượng thành viên (thường là 4-5 người) để đảm bảo các bạn có đủ các vai trò cần thiết (Frontend, Backend, AI, v.v.) và hỗ trợ nhau tốt nhất.

**Lời khuyên cho bạn:**

*   **Tích cực tìm thêm:** Bạn hãy sang ngay kênh [#channel] để đăng tin tuyển thành viên. Hãy nêu rõ team đang làm về chủ đề gì và đang thiếu vị trí nào để các bạn khác dễ ""apply"" nhé.
*   **Nhờ BTC hỗ trợ:** Nếu đã cố gắng tìm mà vẫn không đủ người, bạn hãy mở một ticket tại kênh [#channel], chọn loại `general`. BTC sẽ xem xét hỗ trợ ghép nhóm bạn với các bạn đang lẻ khác hoặc đưa ra phương án phù hợp nhất cho team.

Đừng để việc thiếu người làm giảm nhiệt huyết ""build"" của bạn nha! Cần mình hỗ trợ gì thêm về cách tìm đồng đội không? ✨"
M40510,K4-L3-4,channel_11,D3694,False,message,2026-09-14 11:14,,False,0,83,Các bạn có thể thử Deepseek bản 4.1 đang đc x4 mức sử dụng trên Opencode Go gói 10$
M66575,K4-L3-4,channel_10,D7158,False,message,2026-09-14 11:17,,True,0,34,[@BOT] lấy data ở đâu để làm dự án
M04524,K4-L3-4,channel_10,D3717,False,message,2026-09-14 11:18,,True,0,37,[@BOT] khi nào biết mentor mình là ai
M22967,K4-L3-4,channel_10,BOT,True,reply,2026-09-14 11:18,M99331,False,0,67,Bạn gõ /weekly submit sẽ hiển thị gợi ý những thông tin cần nộp nhé
M59177,K4-L3-4,channel_10,BOT,True,reply,2026-09-14 11:18,M04524,False,0,207,"Bạn muốn biết thông tin về mentor trong trường hợp nào?

1. Tìm hiểu về mentor trong quá trình onboarding?
2. Tìm mentor trên Discord?
3. Tìm hiểu về vai trò của mentor?

Hoặc bạn mô tả rõ hơn giúp mình nhé!"
M78739,K4-L3-4,channel_10,BOT,True,reply,2026-09-14 11:18,M66575,False,0,205,"Bạn đang tìm nguồn dữ liệu cho dự án về vấn đề gì?

1. Tìm nguồn dữ liệu cho dự án AI
2. Tìm nguồn dữ liệu cho dự án học tập
3. Tìm nguồn dữ liệu cho dự án cụ thể khác

Hoặc bạn mô tả rõ hơn giúp mình nhé!"
M99331,K4-L3-4,channel_10,D3717,False,message,2026-09-14 11:18,,True,0,32,[@BOT] hạn nộp mentor duty là gì
M31729,K4-L3-4,channel_10,D7158,False,message,2026-09-14 11:19,,True,0,34,[@BOT] lấy data cho dự án làm nhóm
M32641,K4-L3-4,channel_10,D3717,False,message,2026-09-14 11:19,,True,0,39,[@BOT] mentor của quá trinh build phase
M45203,K4-L3-4,channel_10,BOT,True,reply,2026-09-14 11:19,M32641,False,0,985,"Chào bạn! Về thông tin Mentor cho quá trình Build Phase, mình gửi bạn một số thông tin để bạn nắm rõ nhé:

1.  **Thời điểm công bố:** Thông tin về Mentor thường sẽ được cập nhật sau khi các đội đã chốt đề tài và hoàn tất danh sách thành viên chính thức.
2.  **Kênh theo dõi:** Bạn hãy chú ý kiểm tra kênh `#📣-thông-báo` trên Discord. Đây là nơi BTC sẽ công bố danh sách Mentor hoặc cách thức phân bổ Mentor cho từng nhóm.
3.  **Tương tác với Mentor:** Trong quá trình build, bạn sẽ có cơ hội trao đổi trực tiếp với các Mentor tại các buổi **Office Hours**. Lịch của các buổi này sẽ được cập nhật trên hệ thống [Phoenix Events](https://phoenix.note.transformerlabs.ai/events) và kênh thông báo của server.

Nếu bạn đang gặp vấn đề kỹ thuật cần hỗ trợ gấp mà chưa biết Mentor của mình là ai, bạn có thể:
*   Nhắn tin trực tiếp cho `@Admin` (theo hướng dẫn trong KB).
*   Hoặc mở một ticket hỗ trợ để được điều phối nhanh nhất nha.

Chúc bạn và team có một hành trình build thật rực rỡ! 🚀"
M70350,K4-L3-4,channel_10,BOT,True,reply,2026-09-14 11:19,M31729,False,0,1044,"Chào bạn nha! Để tìm data cho dự án nhóm, bạn có thể ""ghé thăm"" các nguồn sau đây nè:

1.  **Kênh `#📚-tài-nguyên`:** Đây là ""kho báu"" chính của lớp mình. Bạn vào đây để xem **Ngân hàng đề tài**. Trong đó thường sẽ có sẵn các gợi ý về bộ dữ liệu (dataset) hoặc link dẫn đến nguồn data đi kèm với từng đề tài đó.
2.  **Slide & Recording Workshop:** Bạn cũng check trong kênh `#📚-tài-nguyên` luôn nhé. Các Mentor thường chia sẻ link data hoặc hướng dẫn cách thu thập data trong các slide bài giảng.
3.  **Các nguồn uy tín bên ngoài:** Nếu muốn tự tìm data riêng, bạn có thể tham khảo:
    *   **Kaggle:** Kho dataset cực lớn cho dân AI/Data.
    *   **Hugging Face Datasets:** Rất nhiều data cho các bài toán NLP hoặc Computer Vision.
    *   **Google Dataset Search:** Công cụ tìm kiếm dataset của Google.

**Mẹo nhỏ:** Nếu nhóm vẫn đang loay hoay chưa biết chọn data nào cho phù hợp với ý tưởng, bạn hãy nhắn tin vào kênh **#OFFICE HOURS** để được các Mentor tư vấn trực tiếp nhé!

Chúc nhóm bạn tìm được data ""xịn"" để làm dự án thật cháy nha! 🔥"
M00819,K4-L3-4,channel_10,D2743,False,message,2026-09-14 11:20,,True,0,24,[@BOT] đổi trong discord
M20134,K4-L3-4,channel_10,BOT,True,reply,2026-09-14 11:20,M21470,False,0,220,"Bạn muốn hỏi về việc đổi topic trong trường hợp nào ạ?

1. Đổi topic đã chọn cho dự án/khóa học?
2. Đổi topic trong kênh chat Discord?
3. Đổi tên gọi (nickname) trong server Discord?

Hoặc bạn mô tả rõ hơn giúp mình nhé!"
M21470,K4-L3-4,channel_10,D2743,False,message,2026-09-14 11:20,,True,0,40,[@BOT] chọn topic xong có đổi được không
M47745,K4-L3-4,channel_10,BOT,True,reply,2026-09-14 11:20,M00819,False,0,687,"Chào bạn! Về việc đổi topic trên Discord (sau khi bạn đã chọn qua hệ thống ticket), mình có thông tin cho bạn đây:

*   **Nếu bạn đã tạo ticket:** Bạn không thể tự sửa thông tin trên form đã gửi. Tuy nhiên, mọi trao đổi giữa bạn và BTC sẽ diễn ra trong **thread (luồng)** mà bot vừa mở. Bạn chỉ cần nhắn tin trực tiếp vào đó để báo với BTC về việc bạn muốn thay đổi topic nhé.
*   **Nếu bạn muốn đổi sang một nhóm chủ đề (type) hoàn toàn khác:** Cách tốt nhất là bạn nên đóng ticket hiện tại và sử dụng lại lệnh `/ticket create` tại kênh [Tickets]([link:discord.com]) để chọn lại đúng loại mình cần.

Mọi thắc mắc chi tiết bạn cứ nhắn trong ticket để các Mod hỗ trợ bạn nhanh nhất nha! ✨"
M03935,K4-L3-4,channel_10,D7158,False,message,2026-09-14 11:23,,True,0,49,[@BOT] điểm nào sẽ ảnh hưởng tới thực tập sau này
M24876,K4-L3-4,channel_10,BOT,True,reply,2026-09-14 11:23,M03935,False,0,226,"Bạn đang hỏi về điểm số nào ảnh hưởng đến thực tập vậy?

1. Điểm số học tập ở trường?
2. Điểm đánh giá trong quá trình học/đào tạo?
3. Điểm số liên quan đến các hoạt động ngoại khóa/dự án?

Hoặc bạn mô tả rõ hơn giúp mình nhé!"
M23675,K4-L3-4,channel_10,D7158,False,message,2026-09-14 11:24,,True,0,75,[@BOT] tất cả các điểm ảnh hưởng hoặc boost hồ sơ cho việc thực tập sau này
M56187,K4-L3-4,channel_10,BOT,True,reply,2026-09-14 11:24,M23675,False,0,1824,"Chào bạn nha! Để ""tút tát"" hồ sơ thực tập thật xịn sò và gây ấn tượng với nhà tuyển dụng sau này, bạn nên tập trung vào các ""điểm"" cực kỳ quan trọng trong chương trình AI20K Build Phase này nè:

### 1. Hệ thống điểm XP (Experience Points) 📈
Đây là thước đo độ ""chăm chỉ"" và đóng góp của bạn. Điểm XP cao chứng minh bạn là một thành viên năng nổ.
*   **Cách tích lũy:** Tham gia Workshop, tương tác trong chat, và thực hiện các nhiệm vụ được giao.
*   **Lưu ý:** Để được tính điểm chuyên cần khi tham gia Zoom, bạn nhớ đặt tên đúng cú pháp: `<Mã nhóm>-<Mã đội>-<Họ và tên>-<5 số cuối MSSV>` nhé!

### 2. Hoạt động trên GitHub (Proof of Work) 💻
Nhà tuyển dụng cực kỳ thích nhìn vào ""lịch sử chiến đấu"" thực tế:
*   **Commits & Pull Requests:** Mọi hoạt động code của bạn trên repo team (thuộc GitHub org `AI20K-Build-Phase-Cohort-4`) đều được log tại kênh **`#🔝-activity`**. 
*   Một profile GitHub ""xanh mướt"" với nhiều đóng góp chất lượng là điểm cộng cực lớn cho hồ sơ thực tập.

### 3. Thành tích tại `#🐦‍🔥-build-showcase` 🏆
Đây là nơi bạn khoe sản phẩm mình làm ra:
*   Nếu sản phẩm của nhóm bạn đạt danh hiệu **`🏆-Build-of-the-Week`**, đây sẽ là một ""milestone"" cực kỳ uy tín để ghi vào CV.
*   Việc show được quá trình từ MVP đến bản Launch hoàn chỉnh cho thấy tư duy làm sản phẩm của bạn rất tốt.

### 4. Điểm ""Cộng đồng"" (Soft Skills) 🤝
Đừng quên chia sẻ kiến thức tại kênh **`#📖-bài-học`** hoặc hỗ trợ giải đáp tại **`#🙋-hỏi-đáp`**. 
*   Việc viết các bài *Postmortem* (rút kinh nghiệm sau bug) hay *Tutorial* cho thấy bạn có khả năng truyền đạt và làm việc nhóm tốt – những kỹ năng mà các công ty thực tập rất săn đón.

### 5. Kết quả học tập trên Vlearn 📚
Hoàn thành đầy đủ các bài học và bài kiểm tra trên nền tảng [vlearn.dev](https://vlearn.dev) để đảm bảo bạn nắm vững kiến thức nền tảng trước khi đi thực tập."
M64205,K4-L3-4,channel_10,BOT,True,message,2026-09-14 11:24,,False,0,244,"**Tóm lại:** Hãy cố gắng để lại ""dấu vết"" tích cực trên mọi mặt trận từ code (GitHub) đến kiến thức (Vlearn) và cộng đồng (Discord). Nếu có gì thắc mắc thêm về cách tính điểm, bạn cứ hỏi mình nha! Chúc bạn build được một profile thật ""khủng""! 🔥"
M80383,K4-L3-4,channel_10,D3081,False,message,2026-09-14 11:26,,True,0,63,[@BOT] muốn đổi đề tài đồ án đã chọn qua topic pick thì như nào
M63462,K4-L3-4,channel_10,BOT,True,reply,2026-09-14 11:27,M80383,False,0,493,"Chào bạn nha! Để đổi đề tài đồ án đã chọn trong phần topic pick, bạn chỉ cần thực hiện các bước sau nè:

1. Sử dụng lệnh: `/topic change` trực tiếp trên Discord.
2. **Lưu ý quan trọng:** Mỗi team chỉ có **duy nhất 1 thành viên đại diện** mới có quyền thực hiện việc chọn hoặc thay đổi đề tài thôi đó.

Nếu bạn gặp khó khăn gì khi dùng lệnh hoặc cần hỗ trợ thêm, đừng ngần ngại nhắn mình hoặc mở ticket để các **Mod** hỗ trợ team bạn nhanh nhất nhé! Chúc team bạn chọn được đề tài thật ưng ý! 🚀"
M46163,K4-L3-4,channel_10,BOT,True,reply,2026-09-14 11:29,M84706,False,0,76,Bạn dùng command `/topic available` để xem danh sách các đề tài còn slot nhé
M59935,K4-L3-4,channel_10,D1014,False,message,2026-09-14 11:29,,True,0,38,[@BOT] /topic pick đề tài ở kênh nào ?
M84706,K4-L3-4,channel_10,D3081,False,message,2026-09-14 11:29,,True,0,73,[@BOT] có cách nào để biết đề tài nào còn trống hoặc chưa được chọn không
M85861,K4-L3-4,channel_10,BOT,True,reply,2026-09-14 11:29,M59935,False,0,372,"Để chọn đề tài các bạn dùng command /topic pick với mã đề (code) tương ứng. Nếu không tìm thấy đề tài trong danh sách gợi ý hãy điền mã code chính xác trong câu lệnh. 
Sử dụng /topic pick trong kênh thảo luận riêng của mỗi team.  Nhớ là mỗi team chỉ được chọn duy nhất 01 lần và không thể sửa đổi sau khi đã xác nhận, nên hãy chắc chắn 100% với lựa chọn của team mình nha!"
M42906,K4-L3-4,channel_10,D2838,False,message,2026-09-14 11:30,,True,0,134,[@BOT] Checklist công việc cho học viên trong giai đoạn Build Phase trên kênh #Build và Checklist công việc liên quan đến Office Hours
M87329,K4-L3-4,channel_10,BOT,True,reply,2026-09-14 11:30,M42906,False,0,106,Bạn có thể theo dõi chi tiết lịch trình tại [Lịch sự kiện](https://phoenix.note.transformerlabs.ai/events)
M11308,K4-L3-4,channel_10,BOT,True,reply,2026-09-14 11:39,M39909,False,0,144,Các bạn có thể theo dõi hoặc tìm kiếm điểm XP của mình bằng Discord ID tại kênh [link:discord.com] hoặc xem lịch sử XP của bản thân bằng `/rank`
M39909,K4-L3-4,channel_10,D1719,False,message,2026-09-14 11:39,,True,0,47,[@BOT] cách xem bản thân có bao nhiêu exp ở đâu
M45837,K4-L3-4,channel_10,D5291,False,message,2026-09-14 11:57,,True,0,29,[@BOT] hạn nộp daily stand-up
M33935,K4-L3-4,channel_10,BOT,True,reply,2026-09-14 11:58,M45837,False,0,95,Khung giờ nộp daily hàng ngày là từ 0h-10h sáng nhé. Nộp muộn vẫn được ghi nhận nhưng không +XP
M32570,K4-L3-4,channel_10,D9697,False,message,2026-09-14 12:01,,True,0,45,[@BOT] các tiêu chí đánh giá ở demo day là gì
M99551,K4-L3-4,channel_10,BOT,True,reply,2026-09-14 12:01,M32570,False,0,1137,"Chào bạn! Hiện tại trong dữ liệu FAQ của mình chưa có danh sách **tiêu chí đánh giá (scoring criteria)** chi tiết và chính thức cho buổi Demo Day.

Tuy nhiên, dựa trên tinh thần của chương trình Build Phase, bạn nên lưu ý các yếu tố quan trọng sau đây vì chúng thường ảnh hưởng lớn đến kết quả:

*   **AI Logs:** Đảm bảo bạn đã setup và submit đầy đủ log trong suốt quá trình build (đây là minh chứng cho nỗ lực và quá trình học hỏi của team).
*   **Tính hoàn thiện (MVP):** Sản phẩm có hoạt động thực tế được không (không chỉ là ý tưởng trên slide).
*   **Ứng dụng AI:** Cách team bạn tích hợp và sử dụng các công cụ/mô hình AI để giải quyết vấn đề.
*   **Sự tiến bộ:** Những bài học kinh nghiệm (lesson learned) mà team đã đúc kết được (thường chia sẻ ở kênh `#📖-bài-học`).

**Để có thông tin chính xác nhất về thang điểm:**
1.  Bạn hãy theo dõi sát kênh **`#📣-thông-báo-build`** khi gần đến ngày Demo Day, BTC sẽ công bố bộ tiêu chí cụ thể.
2.  Nếu cần biết ngay để định hướng phát triển, bạn có thể tag **@Mod** hoặc mở ticket để được các anh chị hỗ trợ giải đáp nhé!

Chúc team bạn build thật ""cháy"" để tỏa sáng tại Demo Day nha! 🚀✨"
M18177,K4-L3-4,channel_10,BOT,True,reply,2026-09-14 12:04,M18465,False,0,929,"Chào bạn! Về việc trao đổi của team trên Discord, mình xin giải đáp như sau:

Đúng rồi nè, việc trao đổi trong các post được chỉ định là rất quan trọng để đảm bảo tính minh bạch và giúp BTC có thể hỗ trợ team tốt nhất. Cụ thể:

*   **Cấu trúc kênh:** Khi lập đội, hệ thống sẽ tạo một forum riêng cho mỗi team (ví dụ: `t-001...`).
*   **Hai post cố định:** Trong forum này sẽ có sẵn hai post là **`📢 Thông báo`** (dùng cho lịch họp, deadline nội bộ) và **`💬 Thảo luận`** (dùng cho các trao đổi thường ngày).
*   **Quy định:** Các thành viên (learner) nên tập trung trao đổi bên trong hai post này chứ **không mở thêm post mới** trong forum của team mình nhé.

Việc tập trung thảo luận tại đây giúp mọi thông tin của team được lưu lại một cách hệ thống, vừa giúp team dễ theo dõi tiến độ, vừa giúp các Mentor/Mod nắm bắt được tình hình để hỗ trợ kịp thời đó!

Nếu bạn còn thắc mắc gì về cách hoạt động của team, cứ hỏi mình nha! 🚀✨"
M18465,K4-L3-4,channel_10,D9697,False,message,2026-09-14 12:04,,True,0,85,[@BOT] có bắt buộc phải trao đổi trong phần thảo luận của team trên discord này không
M02662,K4-L3-4,channel_10,D9697,False,message,2026-09-14 12:05,,True,0,77,[@BOT] nhang chúng tôi có thể lập nhóm bên ngoài và chỉ trao đổi tại đó không
M69329,K4-L3-4,channel_10,BOT,True,reply,2026-09-14 12:06,M02662,False,0,1324,"Chào bạn! Mình hiểu là đôi khi dùng các công cụ bên ngoài sẽ tiện hơn cho team, nhưng mình có một vài lưu ý nhỏ cho bạn nè:

Theo quy định và tinh thần của **Build Phase**, việc trao đổi trong các post **`📢 Thông báo`** và **`💬 Thảo luận`** trên Discord là rất quan trọng vì:

1.  **Sự hỗ trợ từ Mentor/Mod:** Các anh chị Mentor và Mod chỉ có thể theo dõi, nắm bắt tình hình và hỗ trợ team kịp thời khi thấy các hoạt động của các bạn diễn ra trên Discord thôi.
2.  **Ghi nhận quá trình (AI Logs):** Một phần cốt lõi của chương trình là ghi lại quá trình học hỏi và xây dựng sản phẩm. Nếu mọi thảo luận đều diễn ra bên ngoài, BTC sẽ khó thấy được sự nỗ lực và tương tác thực tế của team, điều này có thể ảnh hưởng đến việc đánh giá quá trình đó.
3.  **Tính minh bạch và hệ thống:** Việc lưu lại các quyết định, lịch họp và thảo luận chính trên Discord giúp mọi thứ được tập trung một chỗ, dễ dàng cho cả team và BTC tra cứu khi cần.

**Lời khuyên của mình:** Team hoàn toàn có thể dùng các công cụ khác để call hoặc làm việc chuyên sâu, nhưng hãy cố gắng **duy trì các thảo luận chính, cập nhật tiến độ và thông báo quan trọng** vào đúng các post quy định trên Discord nhé!

Nếu bạn muốn biết chắc chắn liệu việc này có ảnh hưởng đến tiêu chí đánh giá hay không, bạn có thể tag **@Mod** để các anh chị giải đáp kỹ hơn nha! 🚀✨"
M39073,K4-L3-4,channel_10,D5998,False,message,2026-09-14 12:19,,True,0,36,[@BOT] làm thế nào để đăng kí đề tài
M50666,K4-L3-4,channel_10,BOT,True,reply,2026-09-14 12:20,M39073,False,0,37,bạn gõ /topic pick để chọn đề tài nha
M78589,K4-L3-4,channel_10,D5998,False,message,2026-09-14 12:21,,True,0,30,[@BOT]  thế dùng ở channel nào
M49946,K4-L3-4,channel_10,BOT,True,reply,2026-09-14 12:22,M78589,False,0,372,"Để chọn đề tài các bạn dùng command /topic pick với mã đề (code) tương ứng. Nếu không tìm thấy đề tài trong danh sách gợi ý hãy điền mã code chính xác trong câu lệnh. 
Sử dụng /topic pick trong kênh thảo luận riêng của mỗi team.  Nhớ là mỗi team chỉ được chọn duy nhất 01 lần và không thể sửa đổi sau khi đã xác nhận, nên hãy chắc chắn 100% với lựa chọn của team mình nha!"
M84372,K4-L3-4,channel_11,D5878,False,reply,2026-09-14 12:27,M21463,False,0,35,"mình cũng thế, cũng đang hoang mang"
M87089,K4-L3-4,channel_11,D3694,False,message,2026-09-14 12:46,,False,0,13,Không sao nhé
M70834,K4-L3-4,channel_11,D3694,False,reply,2026-09-14 12:47,M21463,False,0,25,Cái này khác trên lớp nha
M67839,K4-L3-4,channel_11,D5878,False,reply,2026-09-14 12:52,M70834,False,0,104,"cho e hỏi là, cái daily stand up này hôm nào cũng phải vào làm song song với điểm danh trên lớp đúng k ạ"
M85377,K4-L3-4,channel_11,D5523,False,message,2026-09-14 13:00,,False,0,272,Cho em hỏi điểm danh của các buổi workshop / mentor duty có tính vào limit vắng tối đa 4 buổi trong một khoá học không ạ? Em vắng buổi hôm qua thì còn được vắng tối đa mấy buổi workshop/ mentor duty nữa trong suốt phần còn lại của khoá học ạ? Em cảm ơn ban tổ chức đã đọc.
M47177,K4-L3-4,channel_11,D9617,False,reply,2026-09-14 13:09,M85377,False,0,170,Các hoạt động build online không liên quan đến các hoạt đông offline trên lớp học. Nên quy định vắng tối đa 4 buổi trên lớp không tính các buổi workshop / mentor duty nhé
M49552,K4-L3-4,channel_11,D3694,False,reply,2026-09-14 13:17,M67839,False,0,8,Đúng rồi
M30631,K4-L3-4,channel_11,D3694,False,message,2026-09-14 13:18,,False,0,56,Hôm đó mình có nhắc là cần phân biệt rõ các hoạt động ấy
M84768,K4-L3-4,channel_11,D3694,False,message,2026-09-14 13:18,,False,0,43,"[link:discord.com] 
có thể xem lại ở đây nè"
M89356,K4-L3-4,channel_11,D3694,False,message,2026-09-14 13:18,,False,0,47,Các bạn khum tham gia ws kick-off đúng khôngggg
M02078,K4-L3-4,channel_10,D2204,False,message,2026-09-14 13:19,,True,0,83,"[@BOT] làm sao để check điểm XP, và làm sao để biết mình đã được điểm danh workshop"
M47687,K4-L3-4,channel_10,BOT,True,reply,2026-09-14 13:19,M02078,False,0,144,Các bạn có thể theo dõi hoặc tìm kiếm điểm XP của mình bằng Discord ID tại kênh [link:discord.com] hoặc xem lịch sử XP của bản thân bằng `/rank`
M32784,K4-L3-4,channel_11,D5878,False,reply,2026-09-14 13:23,M49552,False,0,135,"em có ạ, mà nay em học tối nên k để ý thời gian nộp /daily ạ. A cho em hỏi nộp muộn 1 hôm thì có ảnh hưởng nhiều không ạ. Em cảm ơn a ạ"
M51628,K4-L3-4,channel_11,D3694,False,reply,2026-09-14 13:25,M32784,False,0,75,"Không làm thì nó không tính xp thôi , lần sau nhớ tập thoái quen là được nè"
M10983,K4-L3-4,channel_11,D7108,False,message,2026-09-14 13:26,,False,0,65,mình có tham gia ws hôm qua mà ko được duyệt hoạt động là sao nhỉ
M66800,K4-L3-4,channel_11,D3694,False,reply,2026-09-14 13:27,M10983,False,0,19,Ý [HV] là sao nhỉ ?
M64649,K4-L3-4,channel_11,D7108,False,message,2026-09-14 13:28,,False,0,16,à ko mình lộn :D
M15675,K4-L3-4,channel_10,D9697,False,message,2026-09-14 13:33,,True,0,8,[@BOT] 1
M32673,K4-L3-4,channel_10,D9697,False,message,2026-09-14 13:33,,True,0,139,[@BOT] nếu chọn chủ đề trong build phase liên quan đến phần cứng thì mình có phải tự chuẩn bị phần cứng không hay được ban tổ chức cung cấp
M38995,K4-L3-4,channel_10,BOT,True,reply,2026-09-14 13:33,M32673,False,0,320,"Bạn đang hỏi về việc chuẩn bị phần cứng cho chủ đề phần cứng trong Build Phase, đúng không ạ?

1. Bạn muốn biết liệu có cần tự chuẩn bị phần cứng hay ban tổ chức sẽ cung cấp.
2. Bạn đang tìm kiếm thông tin về các kênh hỗ trợ hoặc thông báo liên quan đến phần cứng trong Build Phase.

Hoặc bạn mô tả rõ hơn giúp mình nhé!"
M80109,K4-L3-4,channel_10,BOT,True,reply,2026-09-14 13:33,M15675,False,0,1056,"Chào bạn! Về vấn đề phần cứng trong Build Phase, mình xin giải đáp như sau:

Thông thường, các thành viên sẽ **tự chuẩn bị phần cứng** (như máy tính cá nhân, các linh kiện IoT, thiết bị đầu cuối...) để phục vụ cho dự án của team mình nè. Ban tổ chức (BTC) sẽ chủ yếu hỗ trợ các bạn về:
*   Nền tảng công cụ (như Phoenix Agent để log quá trình build).
*   Đội ngũ Mentor hướng dẫn chuyên môn.
*   Môi trường kết nối và các buổi Workshop chia sẻ kiến thức.

**Một vài lưu ý cho bạn:**
*   **Liên hệ Admin:** Nếu dự án của team bạn có những yêu cầu cực kỳ đặc thù về thiết bị hoặc cần tư vấn thêm về nguồn lực, bạn nên nhắn tin trực tiếp cho **@Admin** hoặc mở ticket để được các anh chị giải đáp chính xác nhất cho trường hợp của team mình nhé.
*   **AI Log:** Dù dùng phần cứng nào, bạn cũng nhớ thiết lập **AI Log Hook** trên máy của mình ngay từ tuần 1 để ghi lại toàn bộ quá trình ""vắt óc"" suy nghĩ và code của mình nha. Đây là phần rất quan trọng để BTC ghi nhận nỗ lực của các bạn đó!

Chúc team bạn chọn được chủ đề thật xịn và build thật cháy nhé! 🔥✨"
M06317,K4-L3-4,channel_10,BOT,True,reply,2026-09-14 13:42,M97705,False,0,95,Khung giờ nộp daily hàng ngày là từ 0h-10h sáng nhé. Nộp muộn vẫn được ghi nhận nhưng không +XP
M97705,K4-L3-4,channel_10,D6729,False,message,2026-09-14 13:42,,True,0,30,[@BOT] cách nộp daily stand up
M02304,K4-L3-4,channel_10,BOT,True,reply,2026-09-14 13:43,M67984,False,0,713,"Để nộp daily standup trong kênh Discord, bạn thực hiện theo các bước sau nhé:

1.  **Tìm Forum Thread của team:** Bạn vào mục forum dành cho các đội nhóm và tìm đúng **thread (luồng thảo luận)** riêng của team mình.
2.  **Sử dụng lệnh:** Ngay tại ô chat của thread đó, bạn gõ lệnh `/daily-standup`.
3.  **Điền thông tin:** Một bảng thông tin sẽ hiện ra, bạn chỉ cần điền các mục như: việc đã làm hôm qua, dự định hôm nay và các khó khăn (nếu có) rồi nhấn gửi là xong!

**Lưu ý nhỏ từ mình:**
*   Bạn nên nộp trong khung giờ **0h - 10h sáng** hàng ngày để được cộng điểm XP nhé. 
*   Nộp sau 10h vẫn được ghi nhận tiến độ nhưng sẽ không được cộng XP đâu nè.

Chúc bạn và team có một ngày làm việc thật năng suất! 🚀"
M10039,K4-L3-4,channel_10,BOT,True,reply,2026-09-14 13:43,M63545,False,0,159,"Bạn muốn nộp daily stand up ở đâu?

1. Nộp daily stand up qua bot command
2. Nộp daily stand up trong kênh Discord nào đó

Hoặc bạn mô tả rõ hơn giúp mình nhé!"
M63545,K4-L3-4,channel_10,D6729,False,message,2026-09-14 13:43,,True,0,22,[@BOT] nộp như thế nào
M67984,K4-L3-4,channel_10,D6729,False,message,2026-09-14 13:43,,True,0,8,[@BOT] 2
M35049,K4-L3-4,channel_11,D5508,False,message,2026-09-14 13:48,,False,0,128,"[@D3694] em ở team T062, do đặt nhầm tên thành T026 mà hôm qua không được điểm danh XP, BTC hỗ trợ em điểm danh bù được không ạ?"
M36443,K4-L3-4,channel_11,D3694,False,reply,2026-09-14 13:54,M35049,False,0,17,Tạo ticket đi nhé
M82953,K4-L3-4,channel_10,D7315,False,message,2026-09-14 13:54,,True,0,23,[@BOT] check xp như nào
M94963,K4-L3-4,channel_10,BOT,True,reply,2026-09-14 13:54,M82953,False,0,144,Các bạn có thể theo dõi hoặc tìm kiếm điểm XP của mình bằng Discord ID tại kênh [link:discord.com] hoặc xem lịch sử XP của bản thân bằng `/rank`
M39531,K4-L3-4,channel_10,BOT,True,reply,2026-09-14 13:55,M54714,False,0,174,"Bạn muốn tăng XP trong ngữ cảnh nào?

1. Tăng XP trong Discord (ví dụ: thông qua bot)
2. Tăng XP trong một trò chơi hoặc ứng dụng cụ thể

Hoặc bạn mô tả rõ hơn giúp mình nhé!"
M54714,K4-L3-4,channel_10,D7315,False,message,2026-09-14 13:55,,True,0,49,[@BOT] tổng hợp những cách để tăng xp lên cho tôi
M99601,K4-L3-4,channel_10,D7315,False,message,2026-09-14 13:56,,True,0,29,[@BOT] tăng xp trong /rank ấy
M05549,K4-L3-4,channel_10,BOT,True,reply,2026-09-14 13:57,M99601,False,0,931,"Chào bạn! Để ""cày"" XP và thăng hạng trong hệ thống `/rank` của AI20K Build Phase, bạn có thể tập trung vào các hoạt động chính sau nè:

1.  **Đóng góp trên GitHub (Quan trọng nhất):** Mỗi khi bạn có **commit mới** hoặc **Pull Request (PR) được merge** vào repo của team trong GitHub org `AI20K-Build-Phase-Cohort-4`, hệ thống sẽ tự động ghi nhận và cộng XP cho bạn. Bạn có thể theo dõi biến động này tại kênh feed tự động của server.
2.  **Tương tác nhiệt tình:** Tham gia thảo luận, chia sẻ kiến thức và hỗ trợ các thành viên khác trong các kênh chat cũng là cách để tích lũy XP bền vững đó.
3.  **Tham gia Sự kiện & Workshop:** Đừng bỏ lỡ các buổi workshop hay sự kiện do AI20K tổ chức, vì thường sẽ có những đợt bonus XP cực hời cho các bạn tham gia tích cực.

Bạn có thể vào kênh [này]([link:discord.com]) để check danh sách điểm tổng hợp hoặc dùng lệnh `/rank` thường xuyên để xem tiến độ của mình nhé. Chúc bạn sớm leo top! 🚀"
M49517,K4-L3-4,channel_10,D7315,False,message,2026-09-14 13:57,,True,0,116,[@BOT] thế giơ tay trên lớp đóng góp bài và thắng các trò chơi trên lớp thì có tính được cộng điểm trong rank này kh
M63656,K4-L3-4,channel_10,BOT,True,reply,2026-09-14 13:58,M49517,False,0,1092,"Có chứ bạn ơi! Những đóng góp tích cực của bạn trên lớp đều được ghi nhận để cộng XP vào hệ thống `/rank` đó. 

Tuy nhiên, để đảm bảo điểm ""về túi"" đầy đủ, bạn cần lưu ý các quy định sau từ BTC nhé:

1.  **Đối với các buổi Workshop/Học online (Zoom):**
    *   **Bắt buộc đặt tên đúng cú pháp:** `<Mã nhóm>-<Mã đội>-<Họ và tên>-<5 số cuối MSSV>`. Nếu bạn đặt sai tên, hệ thống điểm danh tự động sẽ không nhận diện được bạn để cộng XP đâu nè.
    *   **Tương tác trong khung chat:** Ngoài việc giơ tay phát biểu, bạn hãy tích cực bình luận và tương tác ngay trong khung chat Zoom của buổi học nhé.

2.  **Đối với các trò chơi và phát biểu trên lớp:**
    *   Kết quả thắng cuộc hoặc các lần phát biểu sẽ được Mentor/BTC ghi nhận lại trực tiếp.
    *   Số điểm này thường sẽ được cập nhật định kỳ vào hệ thống sau buổi học.

Điểm XP từ các hoạt động trên lớp sẽ được cộng dồn cùng với điểm từ **hoạt động Build** (như commit code trên GitHub, submit AI Log...) để hiển thị tổng cộng trong lệnh `/rank`.

Cố gắng phát biểu thật nhiều và ""giật giải"" trong các trò chơi để mau chóng leo Top nha! 🌟"
M54084,K4-L3-4,channel_10,D7315,False,message,2026-09-14 13:59,,True,0,210,"[@BOT] 1, nếu giơ tay phát biểu mất bao lâu được duyệt cộng điểm vì hiện tại có 2 lần tôi giơ tay mà chưa được thấy
2, hiện tại thì nếu chưa được cộng vào thì có thể làm gì để kiến nghị (lập ticket yêu cầu à ?)"
M22602,K4-L3-4,channel_10,BOT,True,reply,2026-09-14 14:00,M54084,False,0,1192,"Chào bạn nè! Mình giải đáp thắc mắc của bạn về việc cộng XP như sau nhé:

1.  **Thời gian cập nhật:** Thông thường, điểm từ các hoạt động trực tiếp trên lớp (như giơ tay phát biểu, thắng game) sẽ được BTC và Mentor tổng hợp và cập nhật **định kỳ sau mỗi buổi học**. Do đây là quá trình đối soát thủ công để đảm bảo chính xác, nên có thể mất từ **1 đến vài ngày làm việc** để điểm được đồng bộ và hiển thị trong lệnh `/rank` trên Discord.

2.  **Cách kiến nghị:** Nếu sau khoảng 2-3 ngày làm việc mà bạn vẫn chưa thấy XP của mình thay đổi, bạn hoàn toàn có thể kiến nghị để đảm bảo quyền lợi nhé:
    *   **Dùng lệnh `/ticket create`:** Đây là cách chính thức và hiệu quả nhất. Khi mở ticket, bạn hãy mô tả rõ: *Tên buổi học, ngày diễn ra, và hoạt động bạn đã tham gia* (ví dụ: ""Mình có giơ tay phát biểu 2 lần trong buổi học ngày... nhưng chưa thấy cộng XP"").
    *   **Liên hệ trực tiếp:** Bạn cũng có thể nhắn tin trao đổi với các anh chị **@Mod** hoặc **@Vlearn Admin** trong các kênh lớp học để được hỗ trợ kiểm tra nhanh.

Bạn yên tâm là mọi đóng góp tích cực của bạn đều được ghi nhận, chỉ là hệ thống cần chút thời gian để ""xử lý"" thôi nè. Chúc bạn sớm thấy XP của mình tăng vọt nhé! ✨"
M22633,K4-L3-4,channel_10,BOT,True,reply,2026-09-14 14:00,M31042,False,0,237,"Bạn muốn hỏi về tài liệu nộp cho mentor duty liên quan đến việc gì ạ?

1. Tài liệu về các lệnh bot (bot-command)
2. Tài liệu về các kênh trên Discord (discord-map)
3. Tài liệu về quy trình onboarding

Hoặc bạn mô tả rõ hơn giúp mình nhé!"
M31042,K4-L3-4,channel_10,D8241,False,message,2026-09-14 14:00,,True,0,48,[@BOT] tài liệu nộp mentor duty bao gồm những gì
M75443,K4-L3-4,channel_10,D9617,False,reply,2026-09-14 14:17,M54084,False,0,123,"Các hoạt động trên lớp offline không liên quan đến hoạt động build, do đó XP cũng không liên quan gì đến điểm cộng trên lớp"
M30222,K4-L3-4,channel_10,D7315,False,reply,2026-09-14 14:31,M75443,False,0,23,Dạ vâng em cảm ơn anh ạ
M80377,K4-L3-4,channel_10,D8866,False,message,2026-09-14 14:40,,True,0,145,"[@BOT] Em có giấy gọi khám sơ tuyển NVQS nhưng không về địa phương kịp thì BTC có hỗ trợ giấy tờ xác nhận hay gì không, để em nộp cho địa phương?"
M95615,K4-L3-4,channel_10,BOT,True,reply,2026-09-14 14:41,M80377,False,0,921,"Chào bạn! Về vấn đề xin giấy xác nhận để nộp cho địa phương do vướng lịch trình của chương trình, bạn cần thực hiện theo hướng dẫn sau để được hỗ trợ chính thức nhé:

1.  **Gửi email yêu cầu:** Bạn hãy gửi email trình bày rõ lý do và yêu cầu hỗ trợ giấy tờ về địa chỉ:
    *   **Email chính:** `AIthucchien@vinuni.edu.vn`
    *   **CC:** `[EMAIL]`
    *   *Nội dung:* Bạn nên đính kèm ảnh chụp giấy gọi khám và thông tin cá nhân (MSSV, lớp, đội nhóm) để BTC có cơ sở xác nhận nhanh nhất cho bạn.

2.  **Tạo Ticket hỗ trợ (nếu cần):** Nếu bạn cần hỏi thêm về việc vắng mặt trong các hoạt động cụ thể của Build Phase, bạn có thể dùng lệnh `/ticket create` tại kênh [🎫-tickets]([link:discord.com]) và chọn loại `general` để trao đổi trực tiếp với các anh chị Admin/Mod.

Vì đây là thủ tục hành chính quan trọng, bạn nên gửi email sớm nhất có thể để BTC kịp thời xử lý giúp bạn nhé. Chúc bạn giải quyết công việc thuận lợi! ✨"
M76873,K4-L3-4,channel_10,D5508,False,reply,2026-09-14 14:44,M75443,False,0,121,"May quá điểm offline ko cộng XP, buổi học off nào em cũng phát biểu mà em ko làm request. Nếu cộng điểm XP là em lỗ rồi 😁"
M99973,K4-L3-4,channel_10,D5857,False,message,2026-09-14 14:46,,False,0,132,"mình đặt sai cú pháp khi tham gia zoom workshop nên không được ghi nhận, mình nên xử lí như nào, nếu tạo ticket thì mình làm như nào"
M22825,K4-L3-4,channel_10,D5508,False,reply,2026-09-14 14:47,M99973,False,0,19,tag @ trợ lý đi bạn
M22532,K4-L3-4,channel_11,D2228,False,message,2026-09-14 14:48,,False,0,741,"[@role]
Xin chào các bạn, mình từ team sản xuất video bài giảng Vlearn.

Bọn mình đang tuyển team QA video, gồm nhóm nhỏ học viên & lab coach xem và góp ý cho các video bài giảng trên VLearn. Mỗi bạn được phân công một số video, feedback theo template có sẵn về nội dung, voice, hình ảnh và các lỗi gặp phải.

Tham gia team, các bạn sẽ được hưởng các quyền lợi hấp dẫn như công cụ AI từ chương trình, trực tiếp định hình chất lượng video của chính khóa mình, được làm việc cùng lab coach & giảng viên, và được ghi nhận đóng góp trong tài nguyên chương trình.

Mọi background, mọi kinh nghiệm đều được hoan nghênh nha!!

👉 Link đăng ký: https://forms.gle/QTTCH2QEASPf8trYA
⏰ Hạn: hết ngày 16/9. Số lượng có hạn, bạn nào quan tâm điền sớm nhé!"
M45740,K4-L3-4,channel_10,D5857,False,message,2026-09-14 14:48,,True,0,139,"[@BOT] mình đặt sai cú pháp khi tham gia zoom workshop nên không được ghi nhận, mình nên xử lí như nào, nếu tạo ticket thì mình làm như nào"
M51183,K4-L3-4,channel_10,BOT,True,reply,2026-09-14 14:48,M45740,False,0,218,"Tham gia workshop đăng nhập Zoom với đúng email đã đăng ký với chương trình và đặt tên đúng cú pháp sẽ được điểm danh tự động nhé.
Đừng quên tương tác trong buổi workshop nhé
Cú pháp đặt tên xem tại: [link:discord.com]"
M54003,K4-L3-4,channel_10,BOT,True,reply,2026-09-14 14:48,M70619,False,0,218,"Tham gia workshop đăng nhập Zoom với đúng email đã đăng ký với chương trình và đặt tên đúng cú pháp sẽ được điểm danh tự động nhé.
Đừng quên tương tác trong buổi workshop nhé
Cú pháp đặt tên xem tại: [link:discord.com]"
M70619,K4-L3-4,channel_10,D2935,False,message,2026-09-14 14:48,,True,0,68,[@BOT] làm sao để biết mình được ghi nhận khi tham gia zoom workshop
M16662,K4-L3-4,channel_11,D7936,False,reply,2026-09-14 14:52,M22532,False,0,113,[@D2228] cho em hỏi trung bình mỗi bạn sẽ được phân công khoảng bao nhiêu video và deadline feedback là bao lâu ạ
M10516,K4-L3-4,channel_10,D0099,False,message,2026-09-14 14:54,,True,0,97,"[@BOT] đối với đề tài max là 2 team, thế làm sao biết được đề tài đấy đã có người chọn hay chưa ?"
M42698,K4-L3-4,channel_10,BOT,True,reply,2026-09-14 14:54,M10516,False,0,95,Chọn đề tài bằng cách gõ command /topic pick nhé. Lưu ý chỉ cần 1 bạn trong team đại diện chọn.
M36652,K4-L3-4,channel_10,BOT,True,reply,2026-09-14 14:55,M75778,False,0,299,"Để kiểm tra xem một đề tài đã có bao nhiêu team chọn hoặc còn slot trống hay không, bạn sử dụng lệnh này nha:

`/topic available code:MÃ_ĐỀ_THI`

Lệnh này sẽ giúp bạn check nhanh trạng thái của đề tài đó xem đã ""full"" chưa để còn kịp thời chọn đề khác nè. Chúc team bạn sớm chốt được đề ưng ý nhé! 🚀"
M75778,K4-L3-4,channel_10,D0099,False,message,2026-09-14 14:55,,True,0,79,[@BOT] ý tôi là làm sao biết được là đề tài đấy đã có bao nhiêu người chọn rồi?
M61452,K4-L3-4,channel_10,BOT,True,reply,2026-09-14 14:57,M89373,False,0,716,"Để tạo ticket hỗ trợ trong server, bạn làm theo các bước đơn giản sau nhé:

Gõ lệnh: Bạn gõ /ticket create vào khung chat.
Chọn loại ticket (Type): Hệ thống sẽ hiện ra các gợi ý, bạn chọn loại phù hợp với vấn đề của mình (ví dụ: hỗ trợ về account, đổi team, xin nghỉ, hoặc các vấn đề ops khác).
Điền tiêu đề (Subject): Bạn điền tiêu đề ngắn gọn cho vấn đề cần hỗ trợ (giống như khi bạn viết tiêu đề email vậy đó).
Mô tả chi tiết: Sau khi ticket được tạo, bạn hãy nêu rõ vấn đề đang gặp phải trong kênh ticket riêng tư đó để các Mod/BTC vào giải quyết giúp bạn nha.

Lưu ý nhỏ: Nếu vấn đề nằm ngoài tầm xử lý của Coach (như lỗi tài khoản, vấn đề nhân sự...), bạn cứ mạnh dạn mở ticket để được hỗ trợ nhanh nhất nhé! ✨"
M89373,K4-L3-4,channel_10,D8963,False,message,2026-09-14 14:57,,True,0,38,[@BOT] tạo ticket như nào và ở đâu vậy
M57801,K4-L3-4,channel_10,BOT,True,reply,2026-09-14 14:59,M91364,False,0,372,"Để chọn đề tài các bạn dùng command /topic pick với mã đề (code) tương ứng. Nếu không tìm thấy đề tài trong danh sách gợi ý hãy điền mã code chính xác trong câu lệnh. 
Sử dụng /topic pick trong kênh thảo luận riêng của mỗi team.  Nhớ là mỗi team chỉ được chọn duy nhất 01 lần và không thể sửa đổi sau khi đã xác nhận, nên hãy chắc chắn 100% với lựa chọn của team mình nha!"
M91364,K4-L3-4,channel_10,D8963,False,message,2026-09-14 14:59,,True,0,23,[@BOT] tạo tại kênh nào
M75556,K4-L3-4,channel_10,BOT,True,reply,2026-09-14 15:02,M88243,False,0,716,"Để tạo ticket hỗ trợ trong server, bạn làm theo các bước đơn giản sau nhé:

Gõ lệnh: Bạn gõ /ticket create vào khung chat.
Chọn loại ticket (Type): Hệ thống sẽ hiện ra các gợi ý, bạn chọn loại phù hợp với vấn đề của mình (ví dụ: hỗ trợ về account, đổi team, xin nghỉ, hoặc các vấn đề ops khác).
Điền tiêu đề (Subject): Bạn điền tiêu đề ngắn gọn cho vấn đề cần hỗ trợ (giống như khi bạn viết tiêu đề email vậy đó).
Mô tả chi tiết: Sau khi ticket được tạo, bạn hãy nêu rõ vấn đề đang gặp phải trong kênh ticket riêng tư đó để các Mod/BTC vào giải quyết giúp bạn nha.

Lưu ý nhỏ: Nếu vấn đề nằm ngoài tầm xử lý của Coach (như lỗi tài khoản, vấn đề nhân sự...), bạn cứ mạnh dạn mở ticket để được hỗ trợ nhanh nhất nhé! ✨"
M88243,K4-L3-4,channel_10,D4761,False,message,2026-09-14 15:02,,True,0,30,[@BOT] tạo ticket tại kênh nào
M07981,K4-L3-4,channel_10,D6509,False,message,2026-09-14 15:03,,True,0,31,[@BOT] mã đội với mã nhóm là gì
M17952,K4-L3-4,channel_10,BOT,True,reply,2026-09-14 15:03,M07981,False,0,144,"Bạn có thể nhìn theo tên group ở cột bên trái nhé. Sau khi BTC có thông báo chính thức về Mentors, các bạn sẽ được phân vào nhóm của Mentor nhé."
M90856,K4-L3-4,channel_10,D6509,False,message,2026-09-14 15:03,,False,0,24,mã đội với mã nhóm là gì
M01842,K4-L3-4,channel_11,D2228,False,reply,2026-09-14 15:04,M16662,False,0,143,"hiện tại thì mỗi bạn sẽ được phân khoảng 1-2 ngày, mỗi ngày tất cả video tầm 20 phút. các bạn sẽ feedback trong 24 tiếng sau khi nhận video nhé"
M20324,K4-L3-4,channel_10,D6509,False,message,2026-09-14 15:04,,True,0,43,[@BOT] Đã có lịch thông báo về mentors chưa
M23211,K4-L3-4,channel_10,BOT,True,reply,2026-09-14 15:04,M65817,False,0,372,"Để chọn đề tài các bạn dùng command /topic pick với mã đề (code) tương ứng. Nếu không tìm thấy đề tài trong danh sách gợi ý hãy điền mã code chính xác trong câu lệnh. 
Sử dụng /topic pick trong kênh thảo luận riêng của mỗi team.  Nhớ là mỗi team chỉ được chọn duy nhất 01 lần và không thể sửa đổi sau khi đã xác nhận, nên hãy chắc chắn 100% với lựa chọn của team mình nha!"
M26366,K4-L3-4,channel_10,BOT,True,reply,2026-09-14 15:04,M20324,False,0,387,"Hiện tại mình chưa thấy thông tin cụ thể về ngày giờ chính xác sẽ công bố danh sách Mentor đâu nè. 

Để không bỏ lỡ, bạn chịu khó theo dõi sát sao ở kênh **`#📣-thông-báo`** hoặc check lịch sự kiện tổng quát tại đây nha: 
👉 https://phoenix.note.transformerlabs.ai/events

Khi nào có thông tin mới nhất, BTC sẽ cập nhật ngay lập tức cho mọi người đó! Bạn kiên nhẫn đợi thêm một chút nhé. ✨"
M65817,K4-L3-4,channel_10,D6509,False,message,2026-09-14 15:04,,True,0,23,[@BOT] Xem đề tài ở đâu
M82348,K4-L3-4,channel_10,D6509,False,message,2026-09-14 15:04,,True,0,31,[@BOT] tôi cần danh sách đề tài
M12506,K4-L3-4,channel_10,D4761,False,message,2026-09-14 15:05,,True,0,61,[@BOT] kiểm tra xem đề tài đã có nhóm chọn chưa bằng cách nào
M81769,K4-L3-4,channel_10,BOT,True,reply,2026-09-14 15:05,M82348,False,0,309,"Các bạn vào thread Thảo luận của channel riêng của team mình, gõ command /topic pick , hệ thống sẽ gợi ý list đề tài, nếu không thấy đề định chọn hãy gõ mã đề trong ô code hệ thống sẽ gợi ý cho bạn chọn. Sau đó bạn hãy chọn đề từ danh sách. 

Lưu ý bắt buộc phải chọn từ danh sách, không chỉ gõ code rồi Enter"
M65176,K4-L3-4,channel_10,BOT,True,reply,2026-09-14 15:06,M12506,False,0,507,"Để kiểm tra xem một đề tài còn trống hay đã có nhóm nào chọn chưa, bạn sử dụng lệnh sau nhé:

` /topic available code:[Mã_đề_tài] `

**Ví dụ:** `/topic available code:EXAM001`

Hệ thống sẽ phản hồi ngay cho bạn biết trạng thái của đề tài đó. Ngoài ra, bạn cũng có thể lưu ý thêm một vài lệnh liên quan:
*   `/topic view`: Để xem lại đề tài mà team mình đã chọn.
*   `/topic pick`: Để tiến hành chọn đề (mỗi team chỉ 1 thành viên đại diện chọn được 1 đề thôi nè).

Chúc team bạn chọn được đề tài ưng ý nhé! ✨"
M51256,K4-L3-4,channel_10,D6509,False,message,2026-09-14 15:12,,True,0,54,"[@BOT] mỗi nhóm có 1 đề tài, đề tài sẽ lấy data từ đâu"
M55430,K4-L3-4,channel_10,BOT,True,reply,2026-09-14 15:12,M81204,False,0,330,"Bạn muốn hỏi về dữ liệu đề tài liên quan đến BTC cấp theo hướng nào?

1. Dữ liệu về các kênh Discord liên quan đến BTC cấp (ví dụ: Kênh chung, #Build, LỚP HỌC - KHOÁ 4)?
2. Dữ liệu về các lệnh bot (bot-command) liên quan đến BTC cấp?
3. Dữ liệu về các loại vé (Tickets) liên quan đến BTC cấp?

Hoặc bạn mô tả rõ hơn giúp mình nhé!"
M81204,K4-L3-4,channel_10,D6509,False,message,2026-09-14 15:12,,True,0,40,[@BOT] sau data cho đề tài là btc cấp à?
M86452,K4-L3-4,channel_10,BOT,True,reply,2026-09-14 15:12,M51256,False,0,132,"💬 Mình cần xả hơi tí xíu 😄 Quay lại sau **11 phút** nhé! Càng build nhiều, càng lên level — level cao hơn là chat thoải mái hơn đó 🚀"
M45649,K4-L3-4,channel_10,BOT,True,reply,2026-09-14 15:13,M73003,False,0,132,"💬 Mình cần xả hơi tí xíu 😄 Quay lại sau **11 phút** nhé! Càng build nhiều, càng lên level — level cao hơn là chat thoải mái hơn đó 🚀"
M73003,K4-L3-4,channel_10,D6509,False,message,2026-09-14 15:13,,True,0,96,"[@BOT] mỗi nhóm có 1 đề tài, đề tài cần có dữ liệu để huấn luyện mô hình, dữ liệu này lấy từ đâu"
M34960,K4-L3-4,channel_10,D5762,False,message,2026-09-14 15:38,,True,0,70,[@BOT] Có xếp hạng cả XP nhóm không hay chỉ xếp hạng XP cá nhân thôi ?
M69343,K4-L3-4,channel_11,D1855,False,message,2026-09-14 15:38,,False,1,122,Cho mình hỏi làm sao để được 10xp này vì hôm qua mình cũng tham gia workshop 2 từ đầu đến cuỗi nhưng không thấy được cộng.
M94903,K4-L3-4,channel_10,BOT,True,reply,2026-09-14 15:38,M34960,False,0,815,"Chào bạn! Hiện tại hệ thống đang tập trung hiển thị bảng xếp hạng cá nhân để mọi người cùng thi đua nè.

Cụ thể:
*   Bạn dùng lệnh `/leaderboard users` để xem bảng xếp hạng cá nhân toàn server nhé.
*   Để xem XP và level của riêng mình (hoặc của một bạn cụ thể), bạn dùng lệnh `/rank`.

Về phần **XP nhóm**: Mặc dù các hoạt động như commit hay Pull Request đều được ghi nhận theo từng repo của team trong tổ chức `AI20K-Build-Phase-Cohort-4`, nhưng lệnh hiển thị bảng xếp hạng riêng cho nhóm hiện chưa được liệt kê phổ biến như bảng cá nhân.

**Mẹo nhỏ cho bạn:**
Bạn có thể thử gõ `/leaderboard` vào khung chat Discord để xem hệ thống có gợi ý thêm tùy chọn nào khác (như `teams`) không nhé. Nếu cần thông tin chính xác nhất về cách tính điểm tổng cho cả đội, bạn có thể nhắn tin hỏi các @Mod để được hỗ trợ nha! 🚀"
M21071,K4-L3-4,channel_10,BOT,True,reply,2026-09-14 15:39,M98666,False,0,112,"[@role]

Mình chưa rõ thông tin câu này lắm, để chắc chắn không sai sót thì mình nhờ Mod vào trả lời giúp bạn ạ!"
M98666,K4-L3-4,channel_10,D7506,False,message,2026-09-14 15:39,,True,0,160,"[@BOT] thời gian mở daily standup và kết thúc là khi nào vậy? hôm qua mình gửi sớm daily standup thì không được, chiều nay quá deadline thì nó lại blocked mình."
M42138,K4-L3-4,channel_11,D5508,False,reply,2026-09-14 15:42,M69343,False,0,85,cần đặt tên hiển thị trên zoom theo đúng cú pháp và có tương tác trong workshop bạn ạ
M57810,K4-L3-4,channel_10,D7506,False,message,2026-09-14 15:42,,True,0,89,[@BOT]cho biết thời gian mở và đóng mentor duty hằng ngày để không bị blocked như hôm nay
M10360,K4-L3-4,channel_10,BOT,True,reply,2026-09-14 15:43,M57810,False,0,43,"Xin lỗi, request timeout. Vui lòng thử lại."
M78917,K4-L3-4,channel_10,D9617,False,message,2026-09-14 15:46,,False,0,207,"Khung giờ daily standup để được cộng XP: 0h-10h sáng. Nộp trễ vẫn ghi nhận nhưng không +XP.

Khung giờ nộp mentor duty để được cộng XP: Trước 12h00 các buổi mentor duty. Nộp trễ vẫn ghi nhận nhưng không +XP."
M45316,K4-L3-4,channel_10,D7506,False,reply,2026-09-14 16:07,M78917,False,0,150,"Trợ lý Kute blocked k cho em nộp nữa :(( mentor duty thì nộp ngày hôm trước miễn 12h hôm sau là vẫn được anh nhỉ, hay có giới hạn trước 24h hay gì k ạ"
M79177,K4-L3-4,channel_10,D9617,False,reply,2026-09-14 16:09,M45316,False,0,48,Nộp hôm trước miễn trước 12h hôm sau là được nhé
M04785,K4-L3-4,channel_10,D8670,False,message,2026-09-14 16:12,,True,0,66,[@BOT] làm thế nào để biết những chủ đề nào đã được các team chọn?
M59385,K4-L3-4,channel_10,BOT,True,reply,2026-09-14 16:12,M04785,False,0,76,Bạn dùng command `/topic available` để xem danh sách các đề tài còn slot nhé
M36622,K4-L3-4,channel_10,D1631,False,message,2026-09-14 16:23,,False,0,23,Cách nộp daily stand up
M41736,K4-L3-4,channel_10,D1631,False,message,2026-09-14 16:23,,True,0,31,[@BOT]  cách nộp daily stand up
M11802,K4-L3-4,channel_10,BOT,True,reply,2026-09-14 16:24,M41736,False,0,95,Khung giờ nộp daily hàng ngày là từ 0h-10h sáng nhé. Nộp muộn vẫn được ghi nhận nhưng không +XP
M14041,K4-L3-4,channel_10,BOT,True,reply,2026-09-14 16:24,M90994,False,0,227,"Bạn muốn hỏi về cú pháp nộp daily standup theo ý nào?

1. Cú pháp lệnh để nộp daily standup qua bot?
2. Quy định về thời gian nộp daily standup?
3. Nơi nộp daily standup trong kênh Discord?

Hoặc bạn mô tả rõ hơn giúp mình nhé!"
M19319,K4-L3-4,channel_10,BOT,True,reply,2026-09-14 16:24,M77684,False,0,117,"Bạn nộp daily standup trong thread `Thảo luận` trong channel riêng của team mình nhé (t-xxx)
Cách thức nộp: gõ /daily"
M77684,K4-L3-4,channel_10,D1631,False,message,2026-09-14 16:24,,True,0,44,[@BOT]  nơi nộp và cú pháp nộp daily standup
M90994,K4-L3-4,channel_10,D1631,False,message,2026-09-14 16:24,,True,0,33,[@BOT]  cú pháp nộp daily standup
M34276,K4-L3-4,channel_10,BOT,True,reply,2026-09-14 16:29,M41464,False,0,95,Chọn đề tài bằng cách gõ command /topic pick nhé. Lưu ý chỉ cần 1 bạn trong team đại diện chọn.
M41464,K4-L3-4,channel_10,D5337,False,message,2026-09-14 16:29,,True,0,41,[@BOT] Các câu lệnh chọn đề tài cho team.
M50175,K4-L3-4,channel_10,BOT,True,reply,2026-09-14 16:30,M94492,False,0,186,"Để xem lại đề tài mà team bạn đã chọn, bạn chỉ cần sử dụng lệnh sau nhé:

`/topic view`

Gõ lệnh này xong là thông tin đề tài sẽ hiện ra ngay nè! Nếu cần hỗ trợ gì thêm cứ ới mình nha. 😉"
M94492,K4-L3-4,channel_10,D5337,False,message,2026-09-14 16:30,,True,0,34,xem lại topic đã chọn ở đâu [@BOT]
M68156,K4-L3-4,channel_10,BOT,True,reply,2026-09-14 16:33,M87414,False,0,76,Bạn dùng command `/topic available` để xem danh sách các đề tài còn slot nhé
M87414,K4-L3-4,channel_10,D9703,False,message,2026-09-14 16:33,,True,0,66,[@BOT] làm sao để biết chủ đề mình định đăng ký còn slot hay không
M44653,K4-L3-4,channel_10,D5337,False,message,2026-09-14 16:34,,True,0,33,[@BOT] Bao giờ mở đăng ký đề tài?
M67724,K4-L3-4,channel_10,BOT,True,reply,2026-09-14 16:34,M44653,False,0,346,"Hiện tại mình chưa có thông tin về thời gian cụ thể mở đăng ký đề tài đâu nè. Bạn chịu khó theo dõi kênh **#📣-thông-báo** để cập nhật lịch chính xác nhất từ BTC nhé! 📢

Khi nào cổng đăng ký mở, bạn chỉ cần dùng lệnh `/topic pick` để chọn đề tài cho team mình là được. Nếu có vấn đề gì cần gấp, bạn có thể tag @Mod để được hỗ trợ nhanh nhất nha! ✨"
M32085,K4-L3-4,channel_10,BOT,True,reply,2026-09-14 16:51,M68755,False,0,782,"Để ""tâm sự riêng"" với mình mà không để các bạn khác nhìn thấy, bạn có thể sử dụng tính năng **Nhắn tin trực tiếp (Direct Message - DM)** trên Discord nhé:

1.  **Cách làm:** Bạn chỉ cần nhấn vào **ảnh đại diện (avatar)** hoặc **tên** của mình, sau đó gõ nội dung vào ô nhắn tin hiện ra.
2.  **Lưu ý:** Nếu bạn không gửi tin nhắn được, có thể là do cài đặt quyền riêng tư của bạn đang chặn tin nhắn từ người lạ. Bạn hãy vào:
    *   `User Settings` (biểu tượng bánh răng) -> `Privacy & Safety`.
    *   Bật mục **""Allow direct messages from server members""**.

Tuy nhiên, nếu là các thắc mắc chung về chương trình hoặc kỹ thuật, mình khuyến khích bạn cứ hỏi ngay tại kênh `#?-hỏi-trợ-lý-kute` này. Như vậy, các bạn khác có cùng thắc mắc cũng sẽ nhận được thông tin hữu ích luôn nè! 😉"
M68755,K4-L3-4,channel_10,D0223,False,message,2026-09-14 16:51,,True,0,57,[@BOT] chat riêng với b để ko cho ng khác tham gia kiểu j
M81394,K4-L3-4,channel_10,BOT,True,reply,2026-09-14 16:53,M85618,False,0,842,"Chào bạn nha! Để biết đề tài nào đã được chọn hoặc kiểm tra xem đề tài mình thích còn trống hay không, bạn có thể thực hiện các cách sau trong kênh `#đề-xuất-đề-tài-mới` nè:

*   **Kiểm tra đề còn trống:** Bạn sử dụng lệnh `/topic available code:MÃ_ĐỀ` (ví dụ: `/topic available code:EXAM001`). Hệ thống sẽ phản hồi cho bạn biết đề tài đó đã có team nào ""xí"" chưa nhé.
*   **Xem đề tài team mình đã chọn:** Nếu bạn muốn xem lại đề tài mà team mình đã đăng ký thành công, hãy dùng lệnh `/topic view`.

**Một vài lưu ý quan trọng cho bạn:**
*   Mỗi team chỉ được chọn **duy nhất 1 đề tài**.
*   Việc chọn đề sẽ do **1 thành viên đại diện** trong team thực hiện.
*   Nếu muốn đổi sang đề tài khác, bạn có thể dùng lệnh `/topic change`.

Bạn thử gõ lệnh xem sao nhé, nếu có lỗi gì thì cứ báo mình nha! Chúc team bạn chọn được đề tài thật ""xịn""! 🚀"
M85618,K4-L3-4,channel_10,D5523,False,message,2026-09-14 16:53,,True,0,43,[@BOT] làm sao biết đề tài nào đã được chọn
M02187,K4-L3-4,channel_10,BOT,True,reply,2026-09-14 17:27,M99277,False,0,918,"Chào bạn! Để có kênh voice riêng cho nhóm trong server, bạn lưu ý các thông tin sau nha:

1.  **Kênh voice theo đội (Team):** Khi đội của bạn đã được chia chính thức và có forum team riêng (ví dụ kênh `t-001`), thường sẽ có các kênh voice đi kèm nằm trong Category của nhóm đó (ví dụ `Group-01`). Bạn hãy kiểm tra danh sách kênh ở cột bên trái xem đã xuất hiện chưa nhé.
2.  **Nếu chưa thấy kênh voice:** Hiện tại, các thành viên không thể tự dùng lệnh để tạo kênh voice riêng. Nếu nhóm bạn đã có đội nhưng chưa thấy phòng voice để thảo luận, bạn hãy:
    *   Nhắn trực tiếp vào **Ticket** mà nhóm đang trao đổi với BTC.
    *   Hoặc tag nhẹ @Mod để các anh chị hỗ trợ kiểm tra và tạo phòng cho nhóm mình nha.
3.  **Sử dụng kênh voice chung:** Nếu chỉ cần trao đổi nhanh, bạn cũng có thể sử dụng các kênh voice công cộng có sẵn trong server (nếu có).

Chúc nhóm bạn thảo luận hiệu quả và có nhiều ý tưởng xịn sò nhé! ✨"
M99277,K4-L3-4,channel_10,D2743,False,message,2026-09-14 17:27,,True,0,44,[@BOT] Tạo kênh voice riêng cho nhóm kiểu gì
M41310,K4-L3-4,channel_10,BOT,True,reply,2026-09-14 17:31,M54695,False,0,349,"Bạn muốn hỏi về việc điền thông tin vào biến 'yesterday' và 'today' trong Daily Standup liên quan đến khía cạnh nào?

1. Bạn muốn biết về khung giờ nộp báo cáo Daily Standup?
2. Bạn muốn biết về các lệnh bot liên quan đến Daily Standup?
3. Bạn muốn biết về cách sử dụng kênh Discord hoặc Zoom cho Daily Standup?

Hoặc bạn mô tả rõ hơn giúp mình nhé!"
M54695,K4-L3-4,channel_10,D4146,False,message,2026-09-14 17:31,,True,0,60,[@BOT] [HV] gì vào biến yesterday và today của Daily-standup
M18869,K4-L3-4,channel_10,BOT,True,reply,2026-09-14 17:32,M67858,False,0,708,"Chào bạn nha! Để báo cáo tiến độ bằng lệnh `/daily-standup` và nhận điểm XP, bạn làm theo hướng dẫn này nè:

1.  **Cú pháp:** Bạn gõ `/daily-standup` rồi điền các thông tin sau:
    *   `yesterday`: Những việc bạn đã hoàn thành vào ngày hôm qua.
    *   `today`: Những việc bạn dự định sẽ thực hiện trong hôm nay.
    *   `blockers` (tùy chọn): Những khó khăn, vướng mắc đang cản trở bạn (nếu không có thì có thể để trống nhé).
2.  **Địa điểm:** Bạn nhớ chỉ gửi lệnh này trong **forum thread của team mình** thôi nha.
3.  **Thời gian để nhận XP:** Để được hệ thống ghi nhận cộng XP, bạn hãy tranh thủ thực hiện trong khung giờ từ **0h - 10h sáng** hàng ngày nhé!

Chúc bạn một ngày làm việc thật năng suất! ✨"
M67858,K4-L3-4,channel_10,D4146,False,message,2026-09-14 17:32,,True,0,38,[@BOT] Cách sử dụng lệnh daily-standup
M35533,K4-L3-4,channel_10,D0712,False,message,2026-09-14 17:33,,True,0,29,[@BOT] xem xp của tôi và team
M42137,K4-L3-4,channel_10,BOT,True,reply,2026-09-14 17:33,M58005,False,0,144,Các bạn có thể theo dõi hoặc tìm kiếm điểm XP của mình bằng Discord ID tại kênh [link:discord.com] hoặc xem lịch sử XP của bản thân bằng `/rank`
M45780,K4-L3-4,channel_10,BOT,True,reply,2026-09-14 17:33,M35533,False,0,144,Các bạn có thể theo dõi hoặc tìm kiếm điểm XP của mình bằng Discord ID tại kênh [link:discord.com] hoặc xem lịch sử XP của bản thân bằng `/rank`
M58005,K4-L3-4,channel_10,D0712,False,message,2026-09-14 17:33,,True,0,19,[@BOT] xem xp ở đâu
M16166,K4-L3-4,channel_10,D3444,False,message,2026-09-14 17:48,,True,0,143,[@BOT] Tham gia workshop đăng nhập Zoom với đúng email đã đăng ký với chương trình và nhưng đặt tên không đúng cú pháp thì được điểm danh không
M52273,K4-L3-4,channel_10,BOT,True,reply,2026-09-14 17:48,M16166,False,0,218,"Tham gia workshop đăng nhập Zoom với đúng email đã đăng ký với chương trình và đặt tên đúng cú pháp sẽ được điểm danh tự động nhé.
Đừng quên tương tác trong buổi workshop nhé
Cú pháp đặt tên xem tại: [link:discord.com]"
M48369,K4-L3-4,channel_10,D3046,False,message,2026-09-14 17:49,,True,0,69,[@BOT] sau khi chốt nhóm muốn đổi tên nhóm thì cần làm những bước gì?
M83312,K4-L3-4,channel_10,BOT,True,reply,2026-09-14 17:49,M48369,False,0,1593,"Chào bạn nha! 👋 Về việc muốn thay đổi tên nhóm (mã đội/mã nhóm) sau khi đã chốt, mình có một vài thông tin quan trọng cần chia sẻ với bạn đây:

1.  **Quy định về mã định danh:** Thông thường, mã nhóm (ví dụ: `G01`) và mã đội (ví dụ: `T001`) là do BTC ấn định để đồng bộ với hệ thống quản lý, tính điểm chuyên cần và các kênh forum (`t-001`, `t-002`...). Vì vậy, các mã này **không nên tự ý thay đổi** để tránh gây nhầm lẫn trong quá trình vận hành.

2.  **Các bước cần làm nếu thực sự cần thay đổi:**
    *   **Bước 1 - Thảo luận nội bộ:** Đảm bảo tất cả thành viên trong đội và Mentor phụ trách nhóm bạn đã đồng ý với sự thay đổi này.
    *   **Bước 2 - Mở Ticket hỗ trợ:** Vì việc đổi tên nhóm liên quan đến hệ thống và quyền quản trị, bạn cần vào kênh hỗ trợ của server để **mở một Ticket**.
    *   **Bước 3 - Cung cấp thông tin:** Trong ticket, bạn hãy nêu rõ:
        *   Mã đội/nhóm hiện tại.
        *   Tên/mã đội mong muốn đổi sang.
        *   Lý do cụ thể cho việc thay đổi.
    *   **Bước 4 - Chờ xác nhận:** Các anh chị **@Mod** sẽ xem xét yêu cầu của bạn. Nếu yêu cầu hợp lệ và không ảnh hưởng đến việc quản lý chung, các anh chị sẽ hỗ trợ cập nhật trên hệ thống.

**⚠️ Lưu ý nhỏ:** Việc thay đổi tên nhóm có thể làm gián đoạn việc quét dữ liệu điểm danh hoặc nhận diện đội trong các buổi Workshop/Coaching, nên bạn hãy cân nhắc thật kỹ trước khi quyết định nhé! ✨

Nếu bạn chỉ muốn đổi **Nickname cá nhân** cho đúng cú pháp thì bạn có thể tự thực hiện ngay theo mẫu: `<Mã nhóm>-<Mã đội>-<Họ và tên>-<5 số cuối MSSV>` nè.

Chúc đội của bạn có một hành trình Build thật rực rỡ! 🚀"
M92098,K4-L3-4,channel_11,D7056,False,message,2026-09-14 17:49,,False,0,1,.
M11596,K4-L3-4,channel_10,BOT,True,reply,2026-09-14 17:52,M55412,False,0,716,"Để tạo ticket hỗ trợ trong server, bạn làm theo các bước đơn giản sau nhé:

Gõ lệnh: Bạn gõ /ticket create vào khung chat.
Chọn loại ticket (Type): Hệ thống sẽ hiện ra các gợi ý, bạn chọn loại phù hợp với vấn đề của mình (ví dụ: hỗ trợ về account, đổi team, xin nghỉ, hoặc các vấn đề ops khác).
Điền tiêu đề (Subject): Bạn điền tiêu đề ngắn gọn cho vấn đề cần hỗ trợ (giống như khi bạn viết tiêu đề email vậy đó).
Mô tả chi tiết: Sau khi ticket được tạo, bạn hãy nêu rõ vấn đề đang gặp phải trong kênh ticket riêng tư đó để các Mod/BTC vào giải quyết giúp bạn nha.

Lưu ý nhỏ: Nếu vấn đề nằm ngoài tầm xử lý của Coach (như lỗi tài khoản, vấn đề nhân sự...), bạn cứ mạnh dạn mở ticket để được hỗ trợ nhanh nhất nhé! ✨"
M18056,K4-L3-4,channel_10,D1922,False,message,2026-09-14 17:52,,False,0,12,xem xp ở đâu
M37242,K4-L3-4,channel_10,D0526,False,message,2026-09-14 17:52,,True,0,28,[@BOT] làm sao để tạo ticket
M50414,K4-L3-4,channel_10,D1922,False,message,2026-09-14 17:52,,True,0,19,[@BOT] xem xp ở đâu
M55412,K4-L3-4,channel_10,D0526,False,message,2026-09-14 17:52,,True,0,28,[@BOT] Làm sao để tạo ticket
M59182,K4-L3-4,channel_10,BOT,True,reply,2026-09-14 17:52,M37242,False,0,165,"Bạn muốn tạo ticker cho mục đích gì?

1. Tạo ticker trên Discord
2. Tạo ticker cho một dự án/sản phẩm
3. Tạo ticker chứng khoán

Hoặc bạn mô tả rõ hơn giúp mình nhé!"
M59504,K4-L3-4,channel_10,BOT,True,reply,2026-09-14 17:52,M50414,False,0,144,Các bạn có thể theo dõi hoặc tìm kiếm điểm XP của mình bằng Discord ID tại kênh [link:discord.com] hoặc xem lịch sử XP của bản thân bằng `/rank`
M21731,K4-L3-4,channel_10,D7474,False,message,2026-09-14 18:14,,True,0,95,[@BOT] Hôm qua chưa đổi tên thêm mã team trên zoom mà đã vào team rồi thì có nhận xp workshop k
M43892,K4-L3-4,channel_10,BOT,True,reply,2026-09-14 18:14,M21731,False,0,193,"Bạn cần đặt tên đúng với quy định được thông báo nhé. Chi tiết cú pháp có thể xem tại kênh thông báo chính thức #📣-thông-báo theo cú pháp <Mã nhóm> - <Mã team> - Họ và tên, ví dụ G01-001-[HV] A"
M29397,K4-L3-4,channel_10,D2494,False,message,2026-09-14 18:15,,True,0,44,[@BOT] tôi muốn lấy slide tài liệu học ở đâu
M47817,K4-L3-4,channel_10,BOT,True,reply,2026-09-14 18:15,M29397,False,0,94,"Các tài nguyên liên quan đến WS (slide, record) sẽ được cập nhật ở channel Tài Nguyên nha bạn."
M58616,K4-L3-4,channel_10,BOT,True,reply,2026-09-14 18:20,M65465,False,0,144,"Bạn có thể nhìn theo tên group ở cột bên trái nhé. Sau khi BTC có thông báo chính thức về Mentors, các bạn sẽ được phân vào nhóm của Mentor nhé."
M65465,K4-L3-4,channel_10,D6944,False,message,2026-09-14 18:20,,True,0,25,[@BOT]  Mã nhóm lấy ở đau
M20366,K4-L3-4,channel_10,D6676,False,message,2026-09-14 18:35,,True,0,40,[@BOT] cach xem rank cua ca nhan nhu nao
M78174,K4-L3-4,channel_10,BOT,True,reply,2026-09-14 18:35,M20366,False,0,204,"Bạn muốn xem rank trong ngữ cảnh nào ạ?

1. Rank trong game/ứng dụng cụ thể?
2. Điểm XP (kinh nghiệm) của bạn trên nền tảng này?
3. Rank/tên gọi trong server Discord?

Hoặc bạn mô tả rõ hơn giúp mình nhé!"
M83678,K4-L3-4,channel_10,D6676,False,reply,2026-09-14 18:36,M78174,True,0,37,điểm XP của cá nhân trên nền tảng này
M88311,K4-L3-4,channel_10,BOT,True,reply,2026-09-14 18:36,M83678,False,0,144,Các bạn có thể theo dõi hoặc tìm kiếm điểm XP của mình bằng Discord ID tại kênh [link:discord.com] hoặc xem lịch sử XP của bản thân bằng `/rank`
M54505,K4-L3-4,channel_10,BOT,True,reply,2026-09-14 18:42,M56834,False,0,372,"Để chọn đề tài các bạn dùng command /topic pick với mã đề (code) tương ứng. Nếu không tìm thấy đề tài trong danh sách gợi ý hãy điền mã code chính xác trong câu lệnh. 
Sử dụng /topic pick trong kênh thảo luận riêng của mỗi team.  Nhớ là mỗi team chỉ được chọn duy nhất 01 lần và không thể sửa đổi sau khi đã xác nhận, nên hãy chắc chắn 100% với lựa chọn của team mình nha!"
M56834,K4-L3-4,channel_10,D9854,False,message,2026-09-14 18:42,,True,0,57,[@BOT] chọn topic như thế nào và nên nhắn vô channel nào?
M34011,K4-L3-4,channel_10,BOT,True,reply,2026-09-14 18:58,M97932,False,0,104,"[@role]

Để tránh đưa ra câu trả lời thiếu chính xác, mình xin phép tag Mod hỗ trợ giải đáp cho bạn nhé!"
M97932,K4-L3-4,channel_10,D2935,False,message,2026-09-14 18:58,,True,0,43,[@BOT] 3 track của chương trình như thế nào
M05791,K4-L3-4,channel_10,D4508,False,message,2026-09-14 19:04,,True,0,49,[@BOT] cần daily standup trước mấy giờ để nhận XP
M07037,K4-L3-4,channel_10,BOT,True,reply,2026-09-14 19:04,M05791,False,0,95,Khung giờ nộp daily hàng ngày là từ 0h-10h sáng nhé. Nộp muộn vẫn được ghi nhận nhưng không +XP
M41902,K4-L3-4,channel_10,D7108,False,message,2026-09-14 19:18,,True,0,11,[@BOT] 1 đi
M69179,K4-L3-4,channel_10,BOT,True,reply,2026-09-14 19:18,M86498,False,0,192,"Bạn muốn lấy nội dung kênh nào của nhóm AI20K Build Phase?

1. Nội dung kênh chung (learner thấy)
2. Nội dung kênh Bot & Tiện ích
3. Nội dung kênh Tickets

Hoặc bạn mô tả rõ hơn giúp mình nhé!"
M86498,K4-L3-4,channel_10,D7108,False,message,2026-09-14 19:18,,True,0,53,[@BOT] có thể lấy nội dung channel của nhóm tôi không
M91899,K4-L3-4,channel_10,BOT,True,reply,2026-09-14 19:18,M41902,False,0,1230,"Dưới đây là ""bản đồ"" các kênh chính mà bạn sẽ thấy và sử dụng thường xuyên tại AI20K Build Phase nè:

*   **`#bắt-đầu-tại-đây`**: Điểm dừng chân **đầu tiên**! Bạn sẽ tìm thấy hướng dẫn đặt nickname đúng cú pháp và các bước onboarding tại đây.
*   **`#rules`**: Nơi quy định các ""luật chơi"" trong server, chuẩn mực trao đổi và quy định tham gia chương trình.
*   **`#thông-báo-chung`**: Cập nhật slide bài giảng, thông tin về nền tảng lab `vlearn.dev` và các lời nhắc quan trọng từ giảng viên/trợ giảng.
*   **`#💬-chung`**: Kênh chat tự do, nơi bạn có thể làm quen, hỏi vặt hoặc thông báo không chính thức.
*   **`#🙋-hỏi-đáp`**: Forum dành cho các câu hỏi kỹ thuật (AI, LLM, code, deploy, debug...) có ích cho nhiều người.
*   **`#🏆-chia-sẻ`**: Nơi khoe thành quả, demo sản phẩm hoặc những cột mốc (milestone) mà bạn đạt được.
*   **`#📖-bài-học`**: Chia sẻ kiến thức chuyên sâu, tutorial hoặc những bài học rút ra sau khi giải quyết xong một bug khó nhằn.
*   **`#🐦‍🔥-build-showcase`**: Nơi trình làng sản phẩm theo từng giai đoạn (nhớ dùng đúng template bài đăng nha).
*   **`#🫱🏼‍🫲🏽-tìm-đồng-đội`**: Nơi kết nối để tìm ""cạ cứng"" lập đội chiến đấu.

Bạn cần mình giải thích kỹ hơn về mục đích của kênh nào không? Cứ bảo mình nhé! ✨"
M73469,K4-L3-4,channel_10,BOT,True,reply,2026-09-14 19:35,M82163,False,0,95,Khung giờ nộp daily hàng ngày là từ 0h-10h sáng nhé. Nộp muộn vẫn được ghi nhận nhưng không +XP
M82163,K4-L3-4,channel_10,D6944,False,message,2026-09-14 19:35,,True,0,82,[@BOT]  cái daly-standup sao m ghi là hết hôm nay nhưng nộp bài thì m kêu hết hạn.
M63524,K4-L3-4,channel_10,D4992,False,message,2026-09-14 19:48,,False,0,11,cách xem xp
M16130,K4-L3-4,channel_10,BOT,True,reply,2026-09-14 19:49,M97998,False,0,144,Các bạn có thể theo dõi hoặc tìm kiếm điểm XP của mình bằng Discord ID tại kênh [link:discord.com] hoặc xem lịch sử XP của bản thân bằng `/rank`
M39389,K4-L3-4,channel_10,D4992,False,message,2026-09-14 19:49,,True,0,23,[@BOT] các cách nhận xp
M41223,K4-L3-4,channel_10,BOT,True,reply,2026-09-14 19:49,M39389,False,0,156,"Bạn muốn hỏi về cách nhận điểm XP trong ngữ cảnh nào?

1. Cách nhận điểm XP trong server
2. Thông tin chung về điểm XP

Hoặc bạn mô tả rõ hơn giúp mình nhé!"
M97998,K4-L3-4,channel_10,D4992,False,message,2026-09-14 19:49,,True,0,18,cách xem xp [@BOT]
M35080,K4-L3-4,channel_10,D6944,False,message,2026-09-14 20:08,,True,0,47,[@BOT]  nếu nộp muộn daily-standup có bị sao ko
M72283,K4-L3-4,channel_10,BOT,True,reply,2026-09-14 20:08,M35080,False,0,65,Nộp daily muộn hơn 10h sáng vẫn ghi nhận nhưng không tính +XP nhé
M48376,K4-L3-4,channel_10,D6791,False,message,2026-09-14 20:12,,True,0,37,[@BOT] check điểm xp của team kiểu gì
M89586,K4-L3-4,channel_10,BOT,True,reply,2026-09-14 20:12,M48376,False,0,144,Các bạn có thể theo dõi hoặc tìm kiếm điểm XP của mình bằng Discord ID tại kênh [link:discord.com] hoặc xem lịch sử XP của bản thân bằng `/rank`
M65517,K4-L3-4,channel_10,D9881,False,message,2026-09-14 20:13,,True,0,35,[@BOT] có xem được lịch sử +XP ko ?
M85246,K4-L3-4,channel_10,BOT,True,reply,2026-09-14 20:13,M65517,False,0,144,Các bạn có thể theo dõi hoặc tìm kiếm điểm XP của mình bằng Discord ID tại kênh [link:discord.com] hoặc xem lịch sử XP của bản thân bằng `/rank`
M30457,K4-L3-4,channel_10,D5889,False,message,2026-09-14 20:15,,True,0,33,[@BOT] điểm xp này dùng để làm gì
M52735,K4-L3-4,channel_10,BOT,True,reply,2026-09-14 20:15,M30457,False,0,1004,"Chào bạn! XP (Experience Points) trong cộng đồng AI20K Build Phase giống như một ""thước đo"" cho sự tích cực và nỗ lực của bạn vậy. Cụ thể, điểm XP được dùng để:

*   **Xác định cấp độ (Level):** Khi tích lũy đủ XP, bạn sẽ được thăng cấp. Bạn có thể dùng lệnh `/rank` để kiểm tra level hiện tại và tiến trình của mình nhé.
*   **Cạnh tranh trên Bảng xếp hạng:** Bạn có thể dùng lệnh `/leaderboard users` để xem vị trí của mình so với các thành viên khác trong server. Đây là cách để ""flex"" tinh thần học hỏi và xây dựng (build) của bạn đó!
*   **Ghi nhận sự đóng góp:** XP thể hiện bạn là một thành viên năng nổ thông qua các hoạt động như Daily Standup, Mentor Duty hay tham gia tương tác trong các buổi Workshop.

**Một lưu ý quan trọng:** XP này dùng để thúc đẩy tinh thần tham gia cộng đồng và **không liên quan** đến điểm số hay điểm cộng trên các lớp học offline đâu nè.

Bạn đã thử gõ `/rank` để xem mình tích lũy được bao nhiêu điểm chưa? Nếu cần hỗ trợ gì thêm về cách kiếm XP, cứ hỏi mình nhé! ✨"
M57683,K4-L3-4,channel_10,BOT,True,reply,2026-09-14 20:23,M83132,False,0,179,"Bạn muốn xem điểm cộng liên quan đến hoạt động nào trên lớp ạ?

1. Điểm cộng XP
2. Điểm cộng trong các hoạt động onboarding
3. Điểm cộng khác

Hoặc bạn mô tả rõ hơn giúp mình nhé!"
M83132,K4-L3-4,channel_10,D9585,False,message,2026-09-14 20:23,,True,0,35,[@BOT] điểm cộng trên lớp xem ở đâu
M24797,K4-L3-4,channel_10,BOT,True,reply,2026-09-14 20:24,M69776,False,0,480,"Về điểm cộng trong các hoạt động onboarding (offline) trên lớp, loại điểm này **tách biệt hoàn toàn** với XP (điểm Build online) nha bạn.

Thông thường, danh sách điểm này sẽ được các anh chị Mentor hoặc Ban tổ chức cập nhật và thông báo trực tiếp tại lớp hoặc qua các kênh thông báo chung của khóa học.

Để biết chính xác vị trí xem điểm hiện tại, bạn có thể:
*   Nhắn tin hỏi trực tiếp các anh chị **Mod**.
*   Hoặc mở một **Ticket** hỗ trợ để được các anh chị check giúp nhé! ✨"
M69776,K4-L3-4,channel_10,D9585,False,message,2026-09-14 20:24,,True,0,8,[@BOT] 2
M78600,K4-L3-4,channel_10,D9585,False,message,2026-09-14 20:24,,False,0,1,2
M64361,K4-L3-4,channel_11,D8976,False,message,2026-09-14 20:28,,False,0,259,"Mọi người muốn leo BXH nhanh thì tích cực chia sẻ thông tin, mẹo vặt hữu ích liên quan đến AI hoặc cho chương trình học tại [#channel] nhaaa. Càng hay càng nhiều điểm, lên top vù vù. ~~Top trong tim mình và các bạn học viên, còn top server thì mình chịu nhé~~"
M45299,K4-L3-4,channel_11,D9617,False,reply,2026-09-14 20:29,M64361,False,0,106,Dù mùa này không +XP cho các hoạt động này nhưng vẫn khuyến khích các bạn chia sẻ và cùng nhau học tập nhé
M87083,K4-L3-4,channel_11,D1616,False,message,2026-09-14 20:29,,False,1,46,B nào hôm nay nghỉ học thì thua cả con mèo nha
M07156,K4-L3-4,channel_11,D8976,False,message,2026-09-14 20:30,,False,0,62,Điểm cộng trong lòng người hâm mộ là điểm cộng cao quý nhất ạ.
M05023,K4-L3-4,channel_11,D1138,False,message,2026-09-14 20:39,,False,1,93,cho mình hỏi tại sao truy cập lại thấy trống nhỉ và làm sao tìm repo để setup AI log được nhỉ
M13539,K4-L3-4,channel_11,D8976,False,reply,2026-09-14 20:40,M05023,False,0,70,GitHub của bạn có cùng email với email bạn đăng ký chương trình không?
M54704,K4-L3-4,channel_11,D1138,False,message,2026-09-14 20:41,,False,0,112,"à em thấy chỗ acccept rồi ạ, em muốn hỏi là team sẽ clone và quản lý trên repo này thôi mà không cần fork về ạ ?"
M85719,K4-L3-4,channel_11,D3694,False,reply,2026-09-14 20:41,M54704,False,0,45,"Thao tác trên repo này nhé , commit, pr ....."
M33670,K4-L3-4,channel_11,D8976,False,message,2026-09-14 20:43,,False,0,9,[:emoji:]
M44883,K4-L3-4,channel_11,D8976,False,message,2026-09-14 20:43,,False,0,171,"Với cả repo cũng không có quyền fork nữa... Bạn cần dev riêng thì cứ tạo nhánh mới là được. Nhớ git diff để giữ commit của thành viên khác nha, tránh merge bay hết commit."
M34917,K4-L3-4,channel_11,D1138,False,message,2026-09-14 20:45,,False,0,73,em hỏi chút chỗ ai log thì mọi thành viên sẽ log chung 1 file phải ko ạ ?
M60263,K4-L3-4,channel_11,D8976,False,reply,2026-09-14 20:46,M34917,False,0,32,"Không nha, mỗi người 1 file log."
M60186,K4-L3-4,channel_11,D1138,False,message,2026-09-14 20:48,,False,0,296,"em hiểu là 
1. mỗi cá nhân tự setup để log trên local 
2. khi push thì có thể chỉnh sửa trước khi push rồi file sẽ lên server chấm điểm chứ không vào branch nào cả 
em muốn hỏi cái folder ai-log/ đó có bị đẩy lên branch khi dev ko hay nó được đưa vào ignore rồi ạ

thì có chỗ nào ngộ nhận không ạ"
M26883,K4-L3-4,channel_11,D8976,False,message,2026-09-14 20:49,,False,0,78,À bạn nhớ bỏ `.ai-logs` vô `.gitignore` không lại pull 1 phát bay hết logs đó.
M46632,K4-L3-4,channel_11,D8976,False,message,2026-09-14 20:51,,False,0,74,Trong `.gitignore` có sẵn rồi nhưng cứ edit để cả thư mục vào cho an toàn.
M59723,K4-L3-4,channel_11,D1138,False,message,2026-09-14 20:51,,False,0,4,ok ạ
M89749,K4-L3-4,channel_11,D1138,False,message,2026-09-14 20:51,,False,0,171,"là repo chưa có chỗ nào ignore phải ko ạ, teamate phải tự chủ động ignore nó đi còn file log sẽ được tự đẩy lên server khi git push thông qua apikey trên phoenix phải ko ạ"
M90367,K4-L3-4,channel_11,D8976,False,reply,2026-09-14 20:51,M89749,False,0,58,Có rồi nhưng mình chủ động thêm cả folder thì yên tâm hơn.
M36677,K4-L3-4,channel_11,D8976,False,reply,2026-09-14 20:55,M90367,False,0,324,"Tại vì một số coding agent/dòng máy không hỗ trợ, nhiều lúc phải bảo agent sửa thủ công script đẩy logs, gây ra tình trạng files log được tạo ra khác với quy định có sẵn, khiến nhiều lúc có tình trạng mất logs trong thư mục. Nên bạn nào không thấy logs đẩy, có bảo agent sửa này sửa kia thì cứ ignore cả thư mục cho an toàn."
M90393,K4-L3-4,channel_11,D1138,False,message,2026-09-14 20:57,,False,0,241,"em muốn hỏi lại chút là các đội khi demo sẽ có 5p vừa trình bày vừa QnA hay chỉ trình bày thôi vậy ạ, và quá trình lọc để chọn top vào demo day offline là có sự tham gia vote của học vien hay toàn bộ việc chọn đánh giá đều do BTC thực hiện ạ"
M34524,K4-L3-4,channel_11,D8976,False,message,2026-09-14 20:59,,False,0,9,[:emoji:]
M46984,K4-L3-4,channel_11,D8976,False,reply,2026-09-14 20:59,M90393,False,0,221,"Quy định demo mình không biết có thay đổi chưa, nhưng quá trình chọn top để demo offline là do BTC thực hiện hoàn toàn nha. Tất nhiên các bạn học viên vẫn có đặc quyền bình chọn ở một giai đoạn khác, cứ hóng là biết nhaa."
M89624,K4-L3-4,channel_10,D4567,False,message,2026-09-14 20:59,,True,0,42,[@BOT]. hạn nộp bài L3-L4 - Khóa 4 Phase 1
M54287,K4-L3-4,channel_10,D6509,False,message,2026-09-14 21:00,,True,0,96,"[@BOT] Sinh viên tham gia AI thực chiến được sử dụng cơ sở vật chất nào của trường, ngoài trừ gì"
M54679,K4-L3-4,channel_11,D1138,False,message,2026-09-14 21:00,,False,0,45,về thời gian demo + QnA thì sao vậy anh nhỉ ?
M81171,K4-L3-4,channel_10,BOT,True,reply,2026-09-14 21:00,M89624,False,0,860,"Chào bạn nè! Về hạn nộp bài tập **L3-L4** của **Khóa 4 - Phase 1**, hiện tại mình không có thông tin ngày giờ cụ thể trong dữ liệu trực tiếp của mình.

Để không bị lỡ deadline và có thông tin chính xác nhất, bạn hãy kiểm tra nhanh tại 2 nơi này nhé:

1.  **Kênh `#thông-báo-chung`** (nằm trong mục **LỚP HỌC - KHOÁ 4**): Đây là nơi các giảng viên và trợ giảng (TA) cập nhật slide bài giảng, link lab và các lời nhắc quan trọng về thời hạn nộp bài.
2.  **Nền tảng [vlearn.dev](https://vlearn.dev)**: Bạn đăng nhập vào tài khoản học viên của mình, chọn đúng khóa học để xem chi tiết yêu cầu bài tập và thời gian đóng cổng nộp bài nha.

Nếu bạn đã kiểm tra cả hai nơi mà vẫn chưa rõ, hãy nhắn tin hỏi trực tiếp các bạn **Trợ giảng (TA)** trong lớp hoặc tag **@Vlearn Admin** để được hỗ trợ nhanh nhất nhé!

Chúc bạn hoàn thành bài tập thật tốt và đúng hạn nha! 💪✨"
M21653,K4-L3-4,channel_10,BOT,True,reply,2026-09-14 21:01,M54287,False,0,100,"[@role]

Câu này mình chưa đủ thông tin để trả lời chuẩn, mình xin phép nhờ Mod hỗ trợ bạn ngay nha!"
M18313,K4-L3-4,channel_11,D8976,False,message,2026-09-14 21:03,,False,0,52,"*Để thời gian trả lời~*
Cái gì bất ngờ sẽ thú zị hơn"
M55373,K4-L3-4,channel_11,D8976,False,message,2026-09-14 21:03,,False,0,9,[:emoji:]
M78882,K4-L3-4,channel_10,D1770,False,message,2026-09-14 21:18,,True,0,60,[@BOT] khóa học lv3-lv4 khóa 4 có những track chuyên sâu nào
M91098,K4-L3-4,channel_10,BOT,True,reply,2026-09-14 21:18,M78882,False,0,461,"Chào bạn! Hiện tại Khóa 4 đang tập trung hoạt động trong danh mục **LỚP HỌC - KHOÁ 4**.

Về các track chuyên sâu (Level 3-4), hiện tại Forum lớp chuyên sâu vẫn chưa có topic hướng dẫn hay nội dung cụ thể đâu nè. Chúng mình cần đợi Ban Tổ Chức (BTC) mở và có thông báo chính thức nhé.

Để cập nhật thông tin nhanh nhất về các track này, bạn hãy theo dõi sát sao kênh:
📢 **[thông-báo-lớp-học]([link:discord.com])**

Nếu cần hỗ trợ gì thêm, bạn cứ nhắn mình nha! ✨"
M34860,K4-L3-4,channel_10,D6805,False,message,2026-09-14 21:26,,True,0,55,[@BOT] trong các buổi mentor-duty thì nhóm phải làm gì?
M45500,K4-L3-4,channel_10,BOT,True,reply,2026-09-14 21:26,M34860,False,0,903,"Chào bạn nha! 👋 Trong các buổi **mentor-duty**, nhóm mình cần thực hiện báo cáo tiến độ để các Mentor nắm bắt tình hình và hỗ trợ kịp thời nè.

Cụ thể, nhóm bạn cần sử dụng lệnh sau trên Discord:
`/mentor-duty submit`

Khi gõ lệnh, bạn hãy điền đầy đủ các thông tin:
*   **done**: Những phần việc mà nhóm đã hoàn thành xong.
*   **doing**: Những việc nhóm đang thực hiện.
*   **blocked**: Những khó khăn, vướng mắc mà nhóm đang gặp phải và cần giúp đỡ.
*   **link**: Link dẫn đến sản phẩm, code hoặc tài liệu minh chứng.
*   **questions**: Các câu hỏi cụ thể dành cho Mentor.

✨ **Lưu ý quan trọng về XP:**
Nhóm mình nên hoàn thành và nộp báo cáo **trước 12h00** của buổi mentor-duty đó để được cộng điểm XP nhé! Nếu nộp sau khung giờ này, hệ thống vẫn ghi nhận báo cáo nhưng nhóm sẽ không được cộng XP đâu nè.

Chúc nhóm bạn có một buổi mentor-duty thật hiệu quả và giải quyết được mọi ""blocker"" nha! 🚀"
M22848,K4-L3-4,channel_11,D4013,False,message,2026-09-14 21:37,,False,0,183,Các anh chị lab coach cho em hỏi một số đề tài về xử lý ảnh/video từ camera thì sản phẩm có cần phải có thiết bị phần cứng camera không hay chỉ cần tải ảnh/video lên app xử lý thôi ạ.
M82926,K4-L3-4,channel_10,BOT,True,reply,2026-09-14 21:37,M90646,False,0,95,bạn có thể gõ lệnh /topic available để xem các chủ đề còn lại và /topic pick để chọn chủ đề nhé
M90646,K4-L3-4,channel_10,D0614,False,message,2026-09-14 21:37,,True,0,93,[@BOT] làm thế nào để biết được là chủ đề nào đã được chọn và đăng ký chủ đề cho nhóm ở đâu ?
M20411,K4-L3-4,channel_10,D0614,False,message,2026-09-14 21:40,,True,0,61,[@BOT] tôi chưa nhận thẻ sinh viên thì liên hệ ai để nhận đây
M33335,K4-L3-4,channel_11,D6509,False,message,2026-09-14 21:40,,False,0,358,"Mọi người cho em hỏi một chút ạ:
Phần dataset là do BTC cung cấp hay chúng em sẽ tự tìm ạ em có đọc thấy là có thể sử dụng cả dữ liệu mô phỏng nên không nắm được phần này mình có yêu cầu cụ thể nào không ạ?
Với một số phần liên quan đến phần cứng như chuông, robot,... thì BTC có hỗ trợ thiết bị/phần cứng hay chúng em sẽ tự chuẩn bị ạ
Em cảm ơn mọi người ạ!"
M51071,K4-L3-4,channel_10,BOT,True,reply,2026-09-14 21:41,M20411,False,0,795,"Chào bạn! Nếu bạn chưa nhận được thẻ sinh viên (hoặc thẻ thành viên của chương trình), bạn có thể thực hiện các bước sau để được hỗ trợ kiểm tra nhé:

1.  **Tạo Ticket hỗ trợ:** Đây là cách nhanh nhất và chính thức nhất. Bạn hãy truy cập vào kênh **#ticket-support** (hoặc click vào link này: [Kênh tạo ticket]([link:discord.com])) và dùng lệnh:
    ` /ticket create `
    Sau đó, bạn chọn đúng loại vấn đề (ví dụ: Membership/General) để hệ thống mở một thread riêng. Bạn hãy nhắn thông tin của mình vào đó để Ban tổ chức kiểm tra giúp bạn nha.

2.  **Liên hệ trực tiếp:** Nếu cần trao đổi nhanh về các vấn đề thủ tục, bạn có thể nhắn tin hoặc tag các anh chị **@Mod** để được hướng dẫn cụ thể hơn.

Bạn yên tâm là Ban tổ chức sẽ hỗ trợ để bạn sớm có thẻ ""xịn"" để đồng hành cùng cộng đồng nhé! ✨"
M76256,K4-L3-4,channel_11,D3694,False,reply,2026-09-14 21:41,M33335,False,0,116,"Như thông tin trước đó có chia sẻ trong buổi ws thì BTC không cung cấp data, thiết bị,.... nhé, team phải tự chủ nha"
M03224,K4-L3-4,channel_11,D3694,False,message,2026-09-14 21:42,,False,0,162,"Cho nên cân nhắc phù hợp với khả năng của team mà chọn đề tài nhé, time vẫn còn dài nên không vội, suy nghĩ kĩ, phân tích khảo sát đánh giá ròi hãy đăng kí đề tài"
M16663,K4-L3-4,channel_10,D3856,False,message,2026-09-14 21:44,,True,0,127,[@BOT] nhóm tôi muốn xây dựng ý tưởng dự án nhưng không theo project bank thì làm thế nào để xét duyệt dự án ngoài project bank
M31822,K4-L3-4,channel_10,BOT,True,reply,2026-09-14 21:44,M16663,False,0,841,"Chào bạn! Nếu nhóm bạn muốn thực hiện dự án ngoài Project Bank, bạn cần gửi đề xuất để BTC xét duyệt thông qua hệ thống Ticket nhé.

Cách làm cụ thể như sau:

*   **Bước 1:** Truy cập vào kênh **Tickets** tại đây: [Kênh Tickets]([link:discord.com]).
*   **Bước 2:** Sử dụng lệnh `/ticket create`.
*   **Bước 3:** Khi chọn `type`, bạn hãy chọn đúng mục `new-topic` (tương ứng với kênh `#đề-xuất-đề-tài-mới`).
*   **Bước 4:** Trong ticket, bạn hãy gửi kèm mô tả chi tiết về bài toán hoặc ý tưởng dự án mà nhóm muốn thực hiện.

**Lưu ý nhỏ:** 
*   Mỗi đề xuất đề tài mới cần được tạo thành một ticket riêng biệt. 
*   Sau khi tạo, hệ thống sẽ mở một thread để nhóm bạn trao đổi trực tiếp với BTC về việc xét duyệt dự án ngay trong đó.

Chúc nhóm bạn có một dự án thật xịn xò và ""build"" thật cháy nha! Nếu có thắc mắc gì thêm, cứ hỏi mình nhé. ✨"
M21700,K4-L3-4,channel_10,D2323,False,message,2026-09-14 21:57,,False,0,44,tôi muốn đề xuất đề tài mới thì phải làm sao
M74296,K4-L3-4,channel_10,D2323,False,message,2026-09-14 21:57,,True,0,51,[@BOT] tôi muốn đề xuất đề tài mới thì phải làm sao
M90911,K4-L3-4,channel_10,BOT,True,reply,2026-09-14 21:57,M74296,False,0,37,bạn gõ /topic pick để chọn đề tài nha
M57008,K4-L3-4,channel_11,D8976,False,reply,2026-09-14 22:00,M22848,False,0,70,"Làm cách nào cũng được nha, miễn ra kết quả tốt nhất là được [:emoji:]"
M80040,K4-L3-4,channel_11,D8976,False,message,2026-09-14 22:01,,False,0,112,"Cái gì khó quá thì mình phải cố, cố không được thì mình bỏ qua. Còn cái gì trong khả năng thì phải làm bằng hết."
M84299,K4-L3-4,channel_11,D8976,False,message,2026-09-14 22:01,,False,0,54,"Đừng cố quá để rồi quá cố, nhớ lời các cụ dạy là được."
M90244,K4-L3-4,channel_10,D9617,False,reply,2026-09-14 22:01,M21700,False,0,48,Ngay ở trên có bạn cùng câu hỏi luôn kìa [HV] :3
M38917,K4-L3-4,channel_11,D2938,False,message,2026-09-14 22:06,,False,1,31,em tưởng hạn 12h trưa mai chứ ạ
M81526,K4-L3-4,channel_11,D8976,False,reply,2026-09-14 22:07,M38917,False,0,173,"Bot vẫn trong quá trình phát triển nha, thời gian mặc định sẽ là 12 giờ đêm cùng ngày. Thời gian thực tế các bạn follow up theo hướng dẫn thực tế của Lab Coach trên lớp nhé."
M54911,K4-L3-4,channel_10,D9082,False,message,2026-09-14 22:08,,True,0,32,[@BOT]  cách đăng kí đề tài nhóm
M65865,K4-L3-4,channel_11,D1138,False,message,2026-09-14 22:08,,False,0,219,"em muốn hỏi về doanh nghiệp sau này bản thân aim, có phải đề tài thuộc doanh nghiệp đó thì khả năng được cử đi thực tập tại đó sẽ cao hơn ko ạ, và tiêu chí để được apply vào doanh nghiệp đó phụ thuộc vào các yếu tố gì ạ"
M91232,K4-L3-4,channel_10,BOT,True,reply,2026-09-14 22:08,M54911,False,0,37,bạn gõ /topic pick để chọn đề tài nha
M89407,K4-L3-4,channel_10,BOT,True,reply,2026-09-14 22:09,M99246,False,0,80,Bài Lab trên lớp sẽ được chấm sau khi hết deadline thường là 23:59 cùng ngày nhé
M99246,K4-L3-4,channel_10,D5284,False,message,2026-09-14 22:09,,True,0,66,[@BOT] Cách xem mình đã được công nhận hoàn thành bài lab hay chưa
M46898,K4-L3-4,channel_11,D8976,False,reply,2026-09-14 22:10,M65865,False,0,178,"Dựa vào nhiều yếu tố lắm nha, project chỉ là một phần rất nhỏ thôi. Còn tiêu chí đánh giá thì không có thông tin và công tiết lộ được nè. Bạn chỉ cần cố gắng hết sức là được nha."
M44168,K4-L3-4,channel_11,D1138,False,message,2026-09-14 22:11,,False,0,176,"em hỏi thêm là khi apply vào doanh nghiệp hoặc được phân phôi vào doanh nghiệp sẽ dựa trên CV, bản CV này là từ đầu khóa nộp lên hệ thống hay đến khi đó sẽ viết lại 1 CV khác ạ"
M52891,K4-L3-4,channel_11,D8976,False,reply,2026-09-14 22:13,M44168,False,0,78,CV gửi doanh nghiệp và CV gửi để tham gia chương trình là 2 cái khác nhau nha.
M79892,K4-L3-4,channel_11,D1138,False,message,2026-09-14 22:13,,False,0,10,e cảm ơn ạ
M17366,K4-L3-4,channel_10,BOT,True,reply,2026-09-14 22:16,M40490,False,0,95,Khung giờ nộp daily hàng ngày là từ 0h-10h sáng nhé. Nộp muộn vẫn được ghi nhận nhưng không +XP
M40490,K4-L3-4,channel_10,D6667,False,message,2026-09-14 22:16,,True,0,90,[@BOT] tôi muốn nộp daily standup bây giờ được không hay phải để sang sáng hôm sau mới nộp
M04968,K4-L3-4,channel_10,D0010,False,message,2026-09-14 22:21,,True,0,94,[@BOT]  xin hỗ trợ xác nhận cộng điểm trên lớp ở đâu ạ. Vlearn đóng lớp không tạo yêu cầu được
M73803,K4-L3-4,channel_10,BOT,True,reply,2026-09-14 22:21,M04968,False,0,196,"Bạn muốn hỏi về việc cộng điểm trên lớp Vlearn hay về việc đóng lớp và không tạo yêu cầu ạ?

1. Cộng điểm trên lớp Vlearn
2. Vlearn đóng lớp không tạo yêu cầu

Hoặc bạn mô tả rõ hơn giúp mình nhé!"
M54767,K4-L3-4,channel_10,BOT,True,reply,2026-09-14 22:22,M63113,False,0,756,"Về vấn đề **Vlearn đóng lớp và không tạo được yêu cầu**, bạn thực hiện theo các hướng dẫn sau để được hỗ trợ nhé:

1.  **Liên hệ hỗ trợ trên Discord:** Bạn hãy gửi thắc mắc vào kênh [**#vlearn-support**]([link:discord.com]) hoặc nhắn tin trực tiếp cho **@Vlearn Admin** để báo về tình trạng lớp học bị đóng nhé.
2.  **Vấn đề về điểm danh/tài khoản:** Nếu việc không tạo được yêu cầu liên quan đến lỗi đăng nhập hoặc điểm danh bằng tài khoản VinUni, bạn hãy gửi email tới: `[EMAIL]`.
3.  **Lưu ý về điểm số:** Các hoạt động cộng điểm trên lớp (offline) sẽ do phía giảng viên và Vlearn quản lý, không liên quan đến điểm XP của hoạt động Build đâu nè.

Bạn thử kiểm tra lại và nhắn tin cho **@Vlearn Admin** xem sao nhé! Chúc bạn sớm giải quyết được vấn đề. ✨"
M63113,K4-L3-4,channel_10,D0010,False,reply,2026-09-14 22:22,M73803,True,0,1,2
M74820,K4-L3-4,channel_11,D4411,False,message,2026-09-14 22:23,,False,1,35,lớp tối mai mới học lab 4 thì sao ạ
M96721,K4-L3-4,channel_11,D8976,False,reply,2026-09-14 22:24,M81526,False,0,50,[@D4411] bạn tham khảo thông tin này của mình nhé.
M54069,K4-L3-4,channel_10,D6670,False,message,2026-09-14 22:25,,True,0,37,"[@BOT] AI log là gì, làm sao để setup"
M88813,K4-L3-4,channel_10,BOT,True,reply,2026-09-14 22:25,M54069,False,0,916,"Trong chương trình Build Phase bạn cần setup AI Log để tự động submit prompt:
1. Tạo API Keys tại https://phoenix.note.transformerlabs.ai/api-keys
2. Clone Repo của team trong Org: github.com/AI20K-Build-Phase-Cohort-4
3. Đọc README.md hướng dẫn và làm theo từng bước
4. Kiểm tra [ai-log] Submitted khi push code hoặc kiểm tra API Key last used trên dashboard ở bước 1.
5. Kiểm tra AI Logs đã submit tại: [AI Logs | Phoenix](https://phoenix.note.transformerlabs.ai/ai-logs)

Video hướng dẫn chi tiết xem tại: [Hướng dẫn setup AI Log Hook](https://drive.google.com/file/d/1q8P0gRA4yBq4t9kZ_nQxYvkoIKF5ebtH/view?usp=sharing)

- Setup AI Log càng sớm càng tốt (ngay tuần 1)
- Đảm bảo log đầy đủ các phiên prompt từ đầu chương trình đến Demo Day

Nếu bạn chưa được invite vào nền tảng hãy đăng nhập tài khoản tại: [Join phoenix](https://phoenix.note.transformerlabs.ai/invite/ACqrVitaAoZmuK-v1x_no2fl53zpfLKjixOp8wPvJVU)"
M77092,K4-L3-4,channel_10,BOT,True,reply,2026-09-14 22:39,M91245,False,0,1150,"Chào bạn! Ngoài việc ""cày rank"" cho oai trên Discord, điểm XP trong cộng đồng **AI20K Build Phase** còn có những ý nghĩa cực kỳ quan trọng khác nè:

*   **Ghi nhận đóng góp thực tế (Contribution Tracking):** XP không chỉ đến từ việc chat, mà phần lớn đến từ việc bạn thực hiện các `commit` và `merge Pull Request` trên GitHub. Bạn có thể theo dõi ""dấu vết"" này tại kênh `#feed`. Đây là minh chứng rõ nhất cho kỹ năng và sự chăm chỉ ""build"" của bạn đó!
*   **Đánh giá sự tích cực:** XP và Level thể hiện mức độ tương tác và đóng góp của bạn cho cộng đồng. Những thành viên có XP cao thường là những ""Builder"" năng nổ, dễ dàng kết nối và hỗ trợ các thành viên khác.
*   **Cơ hội nhận quyền lợi:** Thông thường, các thành viên tích cực (thể hiện qua XP/Rank) sẽ có cơ hội được ưu tiên tham gia các workshop giới hạn, các chương trình đặc biệt hoặc nhận được sự hỗ trợ sát sao hơn từ các Mentor và Ban Tổ Chức (tùy theo thông báo cụ thể của từng giai đoạn).

Bạn có thể dùng lệnh `/rank` để xem ""gia tài"" XP của mình hoặc gõ `/leaderboard users` để xem mình đang đứng đâu trên ""bảng vàng"" nhé! 🚀

Chúc bạn ""build"" hăng say và tích được thật nhiều XP nha!"
M91245,K4-L3-4,channel_10,D5284,False,message,2026-09-14 22:39,,True,0,58,[@BOT] Điểm XP ngoài cày rank discord còn có tác dụng gì ?
M50584,K4-L3-4,channel_11,D2044,False,reply,2026-09-14 22:40,M96721,False,0,80,vậy những bạn mà có lịch chiều nay (1h30 - 5h) đi học thì chưa cần nộp bài lab ạ
M45994,K4-L3-4,channel_11,D8976,False,reply,2026-09-14 22:41,M50584,False,0,59,Cái này theo lịch của Lab Coach thông báo nhé bạn [:emoji:]
M28111,K4-L3-4,channel_10,BOT,True,reply,2026-09-14 22:54,M59849,False,0,132,"💬 Mình cần xả hơi tí xíu 😄 Quay lại sau **11 phút** nhé! Càng build nhiều, càng lên level — level cao hơn là chat thoải mái hơn đó 🚀"
M59849,K4-L3-4,channel_10,D2748,False,message,2026-09-14 22:54,,True,0,90,[@BOT] [HV] có hỗ trợ book phòng riêng để thảo luận dành cho học viên AI thực chiến không?
M93823,K4-L3-4,channel_11,D5508,False,message,2026-09-14 23:07,,False,0,134,Rất mong có team K4 nào đó build phase 1 con AI hỗ trợ điều chỉnh theo thời khóa biểu của chương trình =))) đỡ phải setup bot mất công
M45220,K4-L3-4,channel_10,D2748,False,message,2026-09-14 23:15,,True,0,93,[@BOT]  Trường có hỗ trợ book phòng riêng để thảo luận dành cho học viên AI thực chiến không?
M49356,K4-L3-4,channel_10,BOT,True,reply,2026-09-14 23:16,M45220,False,0,796,"Về việc book phòng riêng tại trường, hiện tại mình **không có thông tin chính thức** trong dữ liệu để trả lời chắc chắn cho bạn nè. 😅

Tuy nhiên, để hỗ trợ thảo luận nhóm, chương trình đã chuẩn bị sẵn không gian online cực kỳ tiện lợi cho các bạn:
*   Mỗi đội khi lập xong sẽ có một **forum team riêng** (dạng `t-001`, `t-002`...).
*   Trong đó có sẵn hai post cố định: `📢 Thông báo` (để ghi lịch họp, deadline) và `💬 Thảo luận` (để các bạn chat chit, trao đổi hàng ngày). Các bạn nên tập trung thảo luận ở đây để lưu lại kiến thức nhé.

**Để xác nhận vụ phòng họp vật lý tại trường (offline):**
Bạn hãy làm theo hướng dẫn tạo ticket mình vừa chỉ ở trên tại kênh **#🎫-support-ticket** nhé. Các anh chị @Mod sẽ nắm rõ thông tin về cơ sở vật chất tại trường để giải đáp chính xác nhất cho bạn đó! ✨"
M85804,K4-L3-4,channel_10,D2748,False,message,2026-09-14 23:17,,True,0,48,[@BOT] đưa link kênh  #🎫-support-ticket giùm tôi
M98811,K4-L3-4,channel_10,BOT,True,reply,2026-09-14 23:18,M85804,False,0,166,"Link của bạn đây nè: [Kênh tạo ticket]([link:discord.com])

Bạn cứ vào đó rồi gõ lệnh `/ticket create` là có thể bắt đầu gửi yêu cầu hỗ trợ cho Ban tổ chức rồi nhé! ✨"
M68737,K4-L3-4,channel_10,D3587,False,message,2026-09-14 23:26,,True,0,20,[@BOT] xem điểm danh
M92144,K4-L3-4,channel_10,BOT,True,reply,2026-09-14 23:26,M68737,False,0,218,"Tham gia workshop đăng nhập Zoom với đúng email đã đăng ký với chương trình và đặt tên đúng cú pháp sẽ được điểm danh tự động nhé.
Đừng quên tương tác trong buổi workshop nhé
Cú pháp đặt tên xem tại: [link:discord.com]"
M53517,K4-L3-4,channel_10,D3982,False,message,2026-09-14 23:38,,True,0,176,"[@BOT] Tôi đã setup API Keys trên Phoenix Agent nhưng sao trong mục AI Logs chưa có gì? Nó vẫn còn dòng chữ ""No AI logs yet. Set up an API key to start logging from your repo""."
M44218,K4-L3-4,channel_10,BOT,True,reply,2026-09-14 23:39,M53517,False,0,1693,"Chào bạn! Đừng lo lắng quá, việc tạo API Key mới chỉ là bước ""kích hoạt"" thôi. Để mục **AI Logs** hiển thị dữ liệu, hệ thống cần nhận được dữ liệu thực tế được gửi từ repo của bạn thông qua Key đó.

Bạn hãy thử kiểm tra theo các bước sau nhé:

1.  **Kiểm tra việc cấu hình Key:** Bạn đã gắn API Key này vào biến môi trường (environment variables) hoặc file cấu hình trong project của mình chưa? Nếu Key chưa được sử dụng trong code thì hệ thống sẽ không có gì để ghi nhận.
2.  **Thực hiện hành động để tạo Log:** AI Logs thường được sinh ra khi bạn thực hiện các thao tác như chạy Agent hoặc push code (tùy vào cấu hình của team). 
3.  **Kiểm tra thông báo xác nhận:** Khi bạn thực hiện lệnh push hoặc chạy agent, hãy để ý trong terminal/console xem có xuất hiện dòng chữ **`[ai-log] Submitted`** không. 
    *   Nếu **có**: Log đã được gửi đi thành công, bạn chỉ cần load lại trang web.
    *   Nếu **không**: Có thể Key chưa được nhận diện hoặc quá trình gửi log bị lỗi.
4.  **Kiểm tra trạng thái ""Last Used"":** Bạn quay lại trang **[API Keys Dashboard](https://phoenix.note.transformerlabs.ai/api-keys)** và nhìn vào cột **Last Used** của Key bạn vừa tạo. 
    *   Nếu nó vẫn hiện là ""Never used"" (Chưa bao giờ dùng) thì nghĩa là project của bạn chưa gửi dữ liệu qua Key này.

**Link kiểm tra nhanh:**
*   Quản lý Key: [https://phoenix.note.transformerlabs.ai/api-keys](https://phoenix.note.transformerlabs.ai/api-keys)
*   Xem Logs: [https://phoenix.note.transformerlabs.ai/ai-logs](https://phoenix.note.transformerlabs.ai/ai-logs)

Nếu bạn đã kiểm tra kỹ các bước trên mà vẫn không thấy log, hãy thử kiểm tra lại kết nối mạng hoặc nhắn tin vào kênh hỗ trợ để các anh chị check giúp nha! ✨"
M77452,K4-L3-4,channel_10,D6543,False,message,2026-09-14 23:44,,True,0,63,[@BOT] có thể tra cứu mình đã điểm danh những hôm nào không bạn
M32793,K4-L3-4,channel_10,BOT,True,reply,2026-09-14 23:46,M77452,False,0,1179,"Chào bạn nha! Hiện tại hệ thống không có một lệnh riêng biệt để liệt kê chính xác danh sách các ngày bạn đã điểm danh, nhưng mình có vài cách để bạn tự kiểm tra nè:

1.  **Kiểm tra qua lệnh `/rank`:**
    Bạn gõ lệnh `/rank` trong các kênh bot cho phép. Lệnh này sẽ hiển thị **lịch sử XP** của bạn. Vì mỗi lần điểm danh (như tham gia Workshop hay làm Daily Standup) bạn đều được cộng XP, nên bạn có thể dựa vào lịch sử cộng điểm để biết mình đã tham gia những buổi nào nhé.

2.  **Kiểm tra Daily Standup:**
    Nếu bạn muốn xem mình đã nộp báo cáo hàng ngày vào những hôm nào, bạn có thể vào lại **kênh forum của team mình** và tìm các tin nhắn `/daily-standup` mà bạn đã gửi.

3.  **Đối với điểm danh trên lớp (VinUni):**
    Nếu bạn cần tra cứu điểm danh chính thức liên quan đến chương trình trên trường, bạn hãy gửi email về địa chỉ: `[EMAIL]` để được hỗ trợ kiểm tra tài khoản và dữ liệu điểm danh nhé.

4.  **Cần hỗ trợ chi tiết hơn:**
    Nếu bạn thấy có sai sót về điểm danh hoặc XP, đừng ngần ngại dùng lệnh `/ticket create` để tạo ticket hỗ trợ. Các anh chị @Mod sẽ kiểm tra trực tiếp trên hệ thống và giải đáp cho bạn ngay.

Chúc bạn tích lũy được thật nhiều XP nha! ✨"
M31751,K4-L3-4,channel_10,D1631,False,message,2026-09-14 23:53,,True,0,45,[@BOT] các setup cần thiết trên phoenix là gì
M40682,K4-L3-4,channel_10,D1631,False,message,2026-09-14 23:53,,True,0,48,[@BOT] Thiết lập liên quan đến AI Log và API Key
M95831,K4-L3-4,channel_10,BOT,True,reply,2026-09-14 23:53,M31751,False,0,235,"Bạn đang muốn hỏi về những thiết lập cần thiết nào trên Phoenix?

1. Thiết lập liên quan đến AI Log và API Key
2. Thiết lập cho quá trình onboarding
3. Thiết lập liên quan đến khung giờ nộp báo cáo

Hoặc bạn mô tả rõ hơn giúp mình nhé!"
M46687,K4-L3-4,channel_10,BOT,True,reply,2026-09-14 23:54,M40682,False,0,1097,"Chào bạn! Để thiết lập AI Log và API Key trên Phoenix cho dự án, bạn thực hiện các bước sau nhé:

1. **Tạo API Key:**
   - Bạn truy cập vào đường dẫn: [Phoenix API Keys](https://phoenix.note.transformer.ai/api-keys) để tạo mã khóa.
   - **Lưu ý bảo mật:** Bạn nhớ giữ kín API Key này, đừng chia sẻ cho ai và cũng đừng push nó lên các kho lưu trữ công khai nhé!

2. **Cơ chế ghi Log:**
   - Trong project, mỗi tool sẽ có một hook gọi đến `log_hook.py`.
   - Script này có nhiệm vụ chuẩn hóa dữ liệu và ghi lại vào file `session.jsonl`.

3. **Gửi Log lên hệ thống (Submit):**
   - Hệ thống sử dụng `git pre-push hook` để tự động hóa việc này.
   - Khi bạn thực hiện lệnh `git push`, script `submit_log.py` sẽ được kích hoạt để POST toàn bộ log từ file lên server Phoenix Agent thông qua API Key đã thiết lập.

4. **Kiểm tra Log:**
   - Sau khi push, bạn có thể kiểm tra xem log của mình đã lên hệ thống chưa tại: [AI Logs | Phoenix](https://phoenix.note.transformer.ai/ai-logs).

Nếu trong quá trình setup script mà gặp lỗi, bạn cứ nhắn tin trong channel team hoặc tag @Mod để tụi mình hỗ trợ nha! 🚀"
